2023-09-01 13:25:02,4.93
2023-09-01 13:30:02,4.93
2023-09-01 13:40:02,4.93
2023-09-01 13:50:02,4.93
2023-09-01 13:55:34,4.93
2023-09-01 14:00:02,4.93
2023-09-01 14:05:02,4.93
2023-09-01 14:10:03,4.93
2023-09-01 14:15:02,4.93
2023-09-01 14:20:03,4.93
2023-09-01 14:25:02,4.93
2023-09-01 14:30:02,4.93
2023-09-01 14:35:34,4.93
2023-09-01 14:40:02,4.93
2023-09-01 14:45:03,4.93
2023-09-01 15:00:03,4.93
2023-09-01 15:05:03,4.93
2023-09-01 15:15:33,5.03
2023-09-01 15:26:05,4.93
2023-09-01 15:30:03,4.93
2023-09-01 15:35:03,4.93
2023-09-01 15:40:02,5
2023-09-01 15:55:02,5.23
2023-09-01 16:00:03,5.06
2023-09-01 16:05:02,5.3
2023-09-01 16:10:02,5.26
2023-09-01 16:15:34,5.3
2023-09-01 16:20:02,5.33
2023-09-01 16:25:03,5.33
2023-09-01 16:30:02,4.9
2023-09-01 16:35:34,4.93
2023-09-01 16:40:33,4.93
2023-09-01 16:46:05,4.93
2023-09-01 16:50:02,4.93
2023-09-01 16:55:34,4.93
2023-09-01 17:00:02,4.9
2023-09-01 17:05:02,4.93
2023-09-01 17:10:03,4.93
2023-09-01 17:15:34,4.93
2023-09-01 17:20:02,4.93
2023-09-01 17:25:34,4.93
2023-09-01 17:30:02,4.93
2023-09-01 17:40:34,4.97
2023-09-01 17:45:02,4.9
2023-09-01 17:50:34,4.93
2023-09-01 17:55:34,4.9
2023-09-01 18:00:34,4.9
2023-09-01 18:05:02,4.93
2023-09-01 18:10:03,4.9
2023-09-01 18:15:02,4.97
2023-09-01 18:20:03,5.03
2023-09-01 18:25:02,4.9
2023-09-01 18:30:02,5.07
2023-09-01 18:45:34,4.96
2023-09-01 18:50:34,5
2023-09-01 18:55:02,5
2023-09-01 19:00:02,5.03
2023-09-01 19:05:03,5.03
2023-09-01 19:15:34,5.1
2023-09-01 19:20:02,5.13
2023-09-01 19:30:03,5.13
2023-09-01 19:35:02,5.2
2023-09-01 19:41:06,5.2
2023-09-01 19:45:02,5.23
2023-09-01 19:50:03,5.23
2023-09-01 19:55:33,5.2
2023-09-01 20:00:03,5.23
2023-09-01 20:05:02,5.16
2023-09-01 20:10:03,5.16
2023-09-01 20:15:34,5.16
2023-09-01 20:20:02,5.16
2023-09-01 20:25:03,5.13
2023-09-01 20:30:02,5.13
2023-09-01 20:35:03,5.13
2023-09-01 20:40:02,5.13
2023-09-01 20:45:03,5.16
2023-09-01 20:50:02,5.23
2023-09-01 20:55:02,5.13
2023-09-01 21:00:03,5.1
2023-09-01 21:05:03,5.06
2023-09-01 21:10:02,5.06
2023-09-01 21:15:02,5.06
2023-09-01 21:20:34,5.13
2023-09-01 21:25:03,5.13
2023-09-01 21:30:02,5.2
2023-09-01 21:35:02,5.3
2023-09-01 21:40:02,5.16
2023-09-01 21:45:03,5.2
2023-09-01 21:50:02,5.16
2023-09-01 21:55:02,5.13
2023-09-01 22:00:03,5.16
2023-09-01 22:05:02,5.13
2023-09-01 22:10:03,5.13
2023-09-01 22:20:02,5.16
2023-09-01 22:35:34,4.9
2023-09-01 22:45:03,4.97
2023-09-01 22:50:02,4.97
2023-09-01 22:55:34,4.93
2023-09-01 23:00:03,4.87
2023-09-01 23:05:02,5
2023-09-01 23:10:02,5.13
2023-09-01 23:15:02,5.03
2023-09-01 23:30:02,4.9
2023-09-01 23:35:03,5.06
2023-09-01 23:40:02,4.9
2023-09-01 23:45:03,4.9
2023-09-01 23:50:02,4.93
2023-09-01 23:55:02,4.9
2023-09-02 00:00:03,4.9
2023-09-02 00:05:03,4.93
2023-09-02 00:10:02,4.9
2023-09-02 00:15:03,4.9
2023-09-02 00:20:02,4.93
2023-09-02 00:25:02,4.9
2023-09-02 00:30:03,4.9
2023-09-02 00:35:03,4.9
2023-09-02 00:40:02,4.9
2023-09-02 00:45:03,4.9
2023-09-02 00:50:02,4.86
2023-09-02 01:00:03,4.9
2023-09-02 01:05:02,4.9
2023-09-02 01:10:02,4.9
2023-09-02 01:15:02,4.9
2023-09-02 01:21:06,4.9
2023-09-02 01:25:02,4.9
2023-09-02 01:30:03,4.9
2023-09-02 01:35:03,4.9
2023-09-02 01:40:02,4.9
2023-09-02 01:45:02,4.86
2023-09-02 01:50:34,4.93
2023-09-02 01:55:03,4.9
2023-09-02 02:00:02,4.9
2023-09-02 02:05:03,4.9
2023-09-02 02:11:05,4.87
2023-09-02 02:15:02,4.9
2023-09-02 02:20:03,4.9
2023-09-02 02:25:02,4.93
2023-09-02 02:30:03,5.03
2023-09-02 02:35:03,4.9
2023-09-02 02:45:02,4.9
2023-09-02 02:50:03,4.9
2023-09-02 02:55:02,4.9
2023-09-02 03:00:02,4.86
2023-09-02 03:05:02,4.9
2023-09-02 03:10:03,4.9
2023-09-02 03:15:02,4.86
2023-09-02 03:20:02,4.9
2023-09-02 03:25:34,4.9
2023-09-02 03:30:02,4.9
2023-09-02 03:40:03,4.9
2023-09-02 03:45:02,4.86
2023-09-02 03:50:34,4.9
2023-09-02 03:55:02,4.9
2023-09-02 04:01:06,4.9
2023-09-02 04:05:03,4.9
2023-09-02 04:10:02,4.86
2023-09-02 04:15:02,4.86
2023-09-02 04:20:03,4.9
2023-09-02 04:25:34,4.9
2023-09-02 04:30:02,4.9
2023-09-02 04:35:02,4.9
2023-09-02 04:40:03,4.9
2023-09-02 04:45:03,4.9
2023-09-02 04:50:03,4.86
2023-09-02 04:55:03,4.9
2023-09-02 05:00:02,4.9
2023-09-02 05:15:02,4.9
2023-09-02 05:20:03,4.9
2023-09-02 05:30:35,4.9
2023-09-02 05:35:03,4.9
2023-09-02 05:40:02,4.9
2023-09-02 05:45:04,4.9
2023-09-02 05:50:03,4.9
2023-09-02 05:55:02,4.9
2023-09-02 06:00:03,4.9
2023-09-02 06:10:02,4.9
2023-09-02 06:15:03,4.9
2023-09-02 06:20:35,4.9
2023-09-02 06:25:03,4.9
2023-09-02 06:30:33,4.9
2023-09-02 06:35:02,4.87
2023-09-02 06:40:03,4.9
2023-09-02 06:45:02,4.9
2023-09-02 06:50:02,4.9
2023-09-02 06:55:34,4.9
2023-09-02 07:00:34,4.9
2023-09-02 07:05:02,4.9
2023-09-02 07:10:03,4.9
2023-09-02 07:15:02,4.87
2023-09-02 07:25:03,4.9
2023-09-02 07:35:02,4.9
2023-09-02 07:40:03,4.9
2023-09-02 07:45:02,4.9
2023-09-02 07:55:03,4.9
2023-09-02 08:05:03,4.9
2023-09-02 08:10:02,4.93
2023-09-02 08:15:03,4.97
2023-09-02 08:20:02,4.9
2023-09-02 08:25:03,4.93
2023-09-02 08:30:03,4.9
2023-09-02 08:35:34,5
2023-09-02 08:40:02,4.93
2023-09-02 08:45:36,4.9
2023-09-02 08:55:34,4.93
2023-09-02 09:00:02,4.9
2023-09-02 09:05:03,4.9
2023-09-02 09:15:33,4.93
2023-09-02 09:20:04,4.93
2023-09-02 09:25:03,4.93
2023-09-02 09:30:02,4.93
2023-09-02 09:35:02,4.93
2023-09-02 09:40:03,4.93
2023-09-02 09:45:34,4.96
2023-09-02 09:50:02,4.97
2023-09-02 09:56:05,4.93
2023-09-02 10:00:02,4.9
2023-09-02 10:10:02,4.9
2023-09-02 10:15:03,5.03
2023-09-02 10:20:03,4.93
2023-09-02 10:25:34,4.93
2023-09-02 10:30:02,4.93
2023-09-02 10:35:02,4.93
2023-09-02 10:40:34,4.93
2023-09-02 10:45:03,4.93
2023-09-02 10:50:33,4.9
2023-09-02 10:55:34,4.93
2023-09-02 11:00:03,4.93
2023-09-02 11:05:02,4.93
2023-09-02 11:10:03,4.93
2023-09-02 11:20:03,4.93
2023-09-02 11:25:02,4.93
2023-09-02 11:30:34,4.93
2023-09-02 11:40:33,4.93
2023-09-02 11:55:03,4.93
2023-09-02 12:00:34,4.93
2023-09-02 12:05:02,4.93
2023-09-02 12:10:02,4.93
2023-09-02 12:15:34,4.93
2023-09-02 12:25:03,4.93
2023-09-02 12:30:02,4.93
2023-09-02 12:35:03,4.93
2023-09-02 12:40:02,4.93
2023-09-02 12:45:02,5.07
2023-09-02 12:50:03,4.93
2023-09-02 12:55:02,4.93
2023-09-02 13:00:03,4.93
2023-09-02 13:05:02,4.93
2023-09-02 13:10:03,4.93
2023-09-02 13:15:02,4.93
2023-09-02 13:20:03,4.93
2023-09-02 13:35:03,4.93
2023-09-02 13:40:02,4.93
2023-09-02 13:45:03,4.93
2023-09-02 13:50:02,4.93
2023-09-02 13:55:02,4.97
2023-09-02 14:00:03,4.96
2023-09-02 14:05:02,4.93
2023-09-02 14:10:03,4.93
2023-09-02 14:15:02,4.93
2023-09-02 14:20:34,4.9
2023-09-02 14:25:02,4.93
2023-09-02 14:30:03,4.93
2023-09-02 14:35:02,4.93
2023-09-02 14:40:03,4.9
2023-09-02 14:45:02,4.9
2023-09-02 14:50:02,4.93
2023-09-02 14:55:03,4.93
2023-09-02 15:00:34,4.93
2023-09-02 15:05:02,4.93
2023-09-02 15:10:02,4.93
2023-09-02 15:15:03,4.93
2023-09-02 15:20:02,4.93
2023-09-02 15:25:02,4.93
2023-09-02 15:30:03,4.9
2023-09-02 15:35:34,4.9
2023-09-02 15:40:34,4.93
2023-09-02 15:45:03,4.93
2023-09-02 15:50:02,4.93
2023-09-02 15:56:05,4.93
2023-09-02 16:00:34,5
2023-09-02 16:05:02,4.93
2023-09-02 16:10:02,4.93
2023-09-02 16:15:03,4.93
2023-09-02 16:20:02,4.93
2023-09-02 16:30:03,4.93
2023-09-02 16:35:02,4.9
2023-09-02 16:40:03,4.9
2023-09-02 16:45:02,4.93
2023-09-02 16:50:03,4.93
2023-09-02 16:55:02,5.07
2023-09-02 17:00:34,5.1
2023-09-02 17:05:02,4.93
2023-09-02 17:10:03,4.9
2023-09-02 17:15:02,4.9
2023-09-02 17:20:02,4.93
2023-09-02 17:35:03,4.93
2023-09-02 17:40:02,4.9
2023-09-02 17:45:02,4.93
2023-09-02 17:50:03,4.93
2023-09-02 17:55:02,4.93
2023-09-02 18:00:03,4.93
2023-09-02 18:05:02,5.03
2023-09-02 18:10:34,4.93
2023-09-02 18:15:02,5.07
2023-09-02 18:20:03,4.93
2023-09-02 18:25:34,5.03
2023-09-02 18:30:33,4.9
2023-09-02 18:35:02,4.9
2023-09-02 18:40:02,4.93
2023-09-02 18:50:02,4.9
2023-09-02 18:55:02,4.93
2023-09-02 19:00:02,4.9
2023-09-02 19:05:02,4.9
2023-09-02 19:10:03,4.93
2023-09-02 19:20:02,4.93
2023-09-02 19:25:02,4.9
2023-09-02 19:40:34,4.9
2023-09-02 19:45:03,4.93
2023-09-02 19:50:02,4.9
2023-09-02 19:55:02,4.93
2023-09-02 20:05:02,4.93
2023-09-02 20:10:34,4.9
2023-09-02 20:15:03,4.93
2023-09-02 20:20:02,4.9
2023-09-02 20:25:02,4.93
2023-09-02 20:30:03,4.93
2023-09-02 20:35:02,4.9
2023-09-02 20:45:03,4.9
2023-09-02 20:55:03,4.93
2023-09-02 21:00:02,4.93
2023-09-02 21:05:03,4.9
2023-09-02 21:10:34,4.93
2023-09-02 21:15:02,4.9
2023-09-02 21:26:05,4.93
2023-09-02 21:30:03,4.93
2023-09-02 21:35:34,4.9
2023-09-02 21:40:02,4.93
2023-09-02 21:55:02,4.93
2023-09-02 22:00:03,4.93
2023-09-02 22:05:03,4.93
2023-09-02 22:15:03,4.93
2023-09-02 22:20:03,4.93
2023-09-02 22:25:02,4.93
2023-09-02 22:35:03,4.9
2023-09-02 22:40:03,4.93
2023-09-02 22:45:02,4.93
2023-09-02 22:50:34,4.93
2023-09-02 22:55:03,4.9
2023-09-02 23:00:02,4.9
2023-09-02 23:05:02,4.93
2023-09-02 23:10:03,4.93
2023-09-02 23:15:02,4.9
2023-09-02 23:20:02,4.9
2023-09-02 23:25:34,4.93
2023-09-02 23:30:03,4.9
2023-09-02 23:35:03,4.93
2023-09-02 23:40:02,4.93
2023-09-02 23:45:02,4.9
2023-09-02 23:50:03,4.93
2023-09-02 23:55:02,4.9
2023-09-03 00:00:03,4.9
2023-09-03 00:05:02,4.93
2023-09-03 00:10:34,4.93
2023-09-03 00:15:03,4.9
2023-09-03 00:20:02,4.9
2023-09-03 00:30:34,4.9
2023-09-03 00:35:34,4.93
2023-09-03 00:40:33,4.9
2023-09-03 00:45:34,4.93
2023-09-03 00:50:02,4.9
2023-09-03 00:55:02,4.93
2023-09-03 01:00:02,4.9
2023-09-03 01:15:03,4.9
2023-09-03 01:20:02,4.93
2023-09-03 01:25:03,4.9
2023-09-03 01:30:02,4.93
2023-09-03 01:35:02,4.9
2023-09-03 01:40:02,4.9
2023-09-03 01:45:03,4.93
2023-09-03 01:55:03,4.93
2023-09-03 02:00:02,4.9
2023-09-03 02:05:03,4.9
2023-09-03 02:10:02,4.93
2023-09-03 02:15:03,4.9
2023-09-03 02:20:02,4.93
2023-09-03 02:25:03,4.9
2023-09-03 02:30:02,4.9
2023-09-03 02:35:03,4.9
2023-09-03 02:45:34,4.9
2023-09-03 02:50:02,4.9
2023-09-03 02:55:34,4.9
2023-09-03 03:00:34,4.93
2023-09-03 03:05:02,4.93
2023-09-03 03:10:02,4.93
2023-09-03 03:15:03,4.9
2023-09-03 03:20:02,4.9
2023-09-03 03:25:02,4.9
2023-09-03 03:30:03,4.93
2023-09-03 03:40:02,4.9
2023-09-03 03:45:03,4.93
2023-09-03 03:50:02,4.9
2023-09-03 03:55:02,4.9
2023-09-03 04:00:03,4.9
2023-09-03 04:05:03,4.9
2023-09-03 04:10:33,4.9
2023-09-03 04:16:06,4.9
2023-09-03 04:20:02,4.9
2023-09-03 04:25:02,4.93
2023-09-03 04:30:03,4.93
2023-09-03 04:35:03,4.9
2023-09-03 04:40:02,4.87
2023-09-03 04:45:02,4.9
2023-09-03 04:50:03,4.9
2023-09-03 04:55:02,4.9
2023-09-03 05:06:05,4.9
2023-09-03 05:10:03,4.9
2023-09-03 05:15:02,4.9
2023-09-03 05:20:02,4.9
2023-09-03 05:25:03,4.9
2023-09-03 05:30:33,4.9
2023-09-03 05:35:02,4.9
2023-09-03 05:40:03,4.9
2023-09-03 05:45:02,4.9
2023-09-03 06:00:02,4.9
2023-09-03 06:05:02,4.9
2023-09-03 06:10:02,4.9
2023-09-03 06:25:02,4.9
2023-09-03 06:30:34,4.9
2023-09-03 06:35:03,4.9
2023-09-03 06:40:03,4.9
2023-09-03 06:45:02,4.86
2023-09-03 06:50:03,4.9
2023-09-03 06:55:33,4.9
2023-09-03 07:00:34,4.9
2023-09-03 07:05:03,4.9
2023-09-03 07:10:02,4.9
2023-09-03 07:15:02,4.9
2023-09-03 07:20:03,4.9
2023-09-03 07:25:02,4.9
2023-09-03 07:30:03,4.9
2023-09-03 07:35:03,4.9
2023-09-03 07:45:02,4.9
2023-09-03 07:55:03,4.9
2023-09-03 08:00:02,4.9
2023-09-03 08:05:02,4.9
2023-09-03 08:10:02,4.9
2023-09-03 08:15:03,4.9
2023-09-03 08:20:02,4.93
2023-09-03 08:25:03,4.9
2023-09-03 08:30:02,4.93
2023-09-03 08:35:03,4.9
2023-09-03 08:40:02,4.9
2023-09-03 08:45:03,4.9
2023-09-03 08:50:02,4.93
2023-09-03 08:55:03,4.93
2023-09-03 09:00:33,4.93
2023-09-03 09:05:02,4.9
2023-09-03 09:10:02,4.93
2023-09-03 09:15:33,4.93
2023-09-03 09:20:34,4.93
2023-09-03 09:25:03,4.93
2023-09-03 09:30:02,4.93
2023-09-03 09:35:03,4.93
2023-09-03 09:45:02,4.93
2023-09-03 09:50:34,5
2023-09-03 10:00:03,4.93
2023-09-03 10:05:34,4.96
2023-09-03 10:10:02,4.93
2023-09-03 10:15:03,4.93
2023-09-03 10:20:02,4.93
2023-09-03 10:25:03,5.07
2023-09-03 10:30:33,4.93
2023-09-03 10:35:02,4.93
2023-09-03 10:40:02,4.93
2023-09-03 10:45:02,4.93
2023-09-03 10:50:02,4.93
2023-09-03 10:55:03,4.97
2023-09-03 11:00:02,4.93
2023-09-03 11:05:03,4.93
2023-09-03 11:10:02,4.93
2023-09-03 11:15:02,4.96
2023-09-03 11:20:03,4.97
2023-09-03 11:25:02,4.93
2023-09-03 11:30:03,4.93
2023-09-03 11:35:03,4.93
2023-09-03 11:40:02,4.93
2023-09-03 11:45:02,4.93
2023-09-03 11:55:33,4.93
2023-09-03 12:05:02,4.93
2023-09-03 12:10:03,4.96
2023-09-03 12:15:02,4.93
2023-09-03 12:20:02,4.96
2023-09-03 12:25:03,4.93
2023-09-03 12:30:02,4.93
2023-09-03 12:40:03,4.93
2023-09-03 12:45:02,4.93
2023-09-03 12:50:02,4.9
2023-09-03 12:55:03,4.93
2023-09-03 13:10:03,4.93
2023-09-03 13:20:07,4.93
2023-09-03 13:25:03,4.93
2023-09-03 13:30:02,4.93
2023-09-03 13:35:02,4.97
2023-09-03 13:40:02,4.93
2023-09-03 13:45:03,4.93
2023-09-03 13:50:02,4.93
2023-09-03 13:55:02,4.93
2023-09-03 14:00:02,4.97
2023-09-03 14:05:03,4.93
2023-09-03 14:10:02,4.93
2023-09-03 14:15:02,4.93
2023-09-03 14:20:03,4.96
2023-09-03 14:25:02,4.97
2023-09-03 14:30:03,4.93
2023-09-03 14:35:02,4.93
2023-09-03 14:40:03,4.93
2023-09-03 14:45:02,4.93
2023-09-03 14:55:02,4.93
2023-09-03 15:05:02,4.93
2023-09-03 15:20:02,4.93
2023-09-03 15:25:34,4.93
2023-09-03 15:30:02,4.93
2023-09-03 15:36:05,4.96
2023-09-03 15:40:02,4.96
2023-09-03 15:45:03,4.97
2023-09-03 16:00:02,4.93
2023-09-03 16:05:03,4.93
2023-09-03 16:10:02,4.93
2023-09-03 16:15:02,4.93
2023-09-03 16:20:03,4.93
2023-09-03 16:25:33,4.93
2023-09-03 16:30:03,4.97
2023-09-03 16:45:02,4.93
2023-09-03 16:50:34,4.9
2023-09-03 16:55:03,4.93
2023-09-03 17:00:02,4.93
2023-09-03 17:05:34,4.9
2023-09-03 17:10:03,4.93
2023-09-03 17:15:02,4.9
2023-09-03 17:20:02,4.9
2023-09-03 17:25:03,4.93
2023-09-03 17:30:02,4.93
2023-09-03 17:35:02,4.9
2023-09-03 17:40:03,4.93
2023-09-03 17:45:02,4.96
2023-09-03 17:50:02,4.93
2023-09-03 18:00:02,4.93
2023-09-03 18:06:06,4.93
2023-09-03 18:10:34,4.93
2023-09-03 18:15:02,4.93
2023-09-03 18:20:02,4.97
2023-09-03 18:25:02,4.93
2023-09-03 18:30:02,4.93
2023-09-03 18:35:33,4.93
2023-09-03 18:40:03,4.93
2023-09-03 18:50:02,4.9
2023-09-03 18:55:03,4.93
2023-09-03 19:00:02,4.93
2023-09-03 19:05:03,4.93
2023-09-03 19:15:02,4.93
2023-09-03 19:20:03,4.93
2023-09-03 19:25:02,4.93
2023-09-03 19:30:02,4.93
2023-09-03 19:35:02,4.93
2023-09-03 19:40:02,4.93
2023-09-03 19:50:02,4.9
2023-09-03 19:55:03,4.93
2023-09-03 20:00:02,4.93
2023-09-03 20:05:03,4.93
2023-09-03 20:10:02,4.93
2023-09-03 20:15:03,4.93
2023-09-03 20:20:02,4.93
2023-09-03 20:25:03,4.93
2023-09-03 20:30:02,4.93
2023-09-03 20:40:03,4.9
2023-09-03 20:45:02,4.9
2023-09-03 20:50:03,4.93
2023-09-03 21:00:34,4.93
2023-09-03 21:15:02,4.93
2023-09-03 21:20:34,4.9
2023-09-03 21:25:02,4.93
2023-09-03 21:30:03,4.9
2023-09-03 21:35:03,4.9
2023-09-03 21:40:02,4.9
2023-09-03 21:45:03,4.9
2023-09-03 21:50:02,4.9
2023-09-03 21:55:02,4.9
2023-09-03 22:05:03,4.93
2023-09-03 22:10:02,4.9
2023-09-03 22:15:02,4.9
2023-09-03 22:20:03,4.93
2023-09-03 22:25:02,4.9
2023-09-03 22:30:03,4.9
2023-09-03 22:35:02,4.93
2023-09-03 22:45:02,4.93
2023-09-03 22:50:02,4.9
2023-09-03 23:00:02,4.93
2023-09-03 23:05:34,4.9
2023-09-03 23:10:02,4.93
2023-09-03 23:15:03,4.9
2023-09-03 23:20:02,4.9
2023-09-03 23:25:03,4.93
2023-09-03 23:30:02,4.9
2023-09-03 23:35:03,4.93
2023-09-03 23:45:03,4.9
2023-09-03 23:50:02,4.93
2023-09-03 23:55:03,4.9
2023-09-04 00:00:02,4.93
2023-09-04 00:05:33,4.93
2023-09-04 00:10:03,4.9
2023-09-04 00:15:02,4.93
2023-09-04 00:20:03,4.9
2023-09-04 00:30:02,4.9
2023-09-04 00:40:02,4.93
2023-09-04 00:45:02,4.9
2023-09-04 00:50:02,4.93
2023-09-04 00:55:02,4.9
2023-09-04 01:05:03,4.93
2023-09-04 01:10:34,4.9
2023-09-04 01:20:02,4.9
2023-09-04 01:25:02,4.9
2023-09-04 01:30:02,4.93
2023-09-04 01:35:02,4.9
2023-09-04 01:40:03,4.93
2023-09-04 01:50:02,4.93
2023-09-04 01:55:03,4.9
2023-09-04 02:00:33,4.9
2023-09-04 02:05:02,4.9
2023-09-04 02:10:34,4.9
2023-09-04 02:15:02,4.9
2023-09-04 02:20:34,4.9
2023-09-04 02:25:34,4.9
2023-09-04 02:31:05,4.9
2023-09-04 02:35:02,4.9
2023-09-04 02:40:03,4.9
2023-09-04 02:45:02,4.9
2023-09-04 03:00:34,4.9
2023-09-04 03:05:03,4.9
2023-09-04 03:10:02,4.93
2023-09-04 03:15:02,4.9
2023-09-04 03:30:02,4.9
2023-09-04 03:35:02,4.9
2023-09-04 03:40:03,4.9
2023-09-04 03:45:33,4.9
2023-09-04 03:50:03,4.9
2023-09-04 03:55:02,4.9
2023-09-04 04:05:02,4.9
2023-09-04 04:10:03,4.9
2023-09-04 04:15:02,4.9
2023-09-04 04:20:02,4.9
2023-09-04 04:25:03,4.9
2023-09-04 04:35:33,4.9
2023-09-04 04:40:03,4.9
2023-09-04 04:45:02,4.9
2023-09-04 04:50:34,4.9
2023-09-04 04:56:37,4.9
2023-09-04 05:00:34,4.9
2023-09-04 05:05:34,4.9
2023-09-04 05:10:02,4.9
2023-09-04 05:15:03,4.9
2023-09-04 05:20:02,4.9
2023-09-04 05:25:02,4.9
2023-09-04 05:30:03,4.9
2023-09-04 05:35:03,4.93
2023-09-04 05:40:02,4.9
2023-09-04 05:45:03,4.9
2023-09-04 05:50:02,4.93
2023-09-04 05:55:02,4.9
2023-09-04 06:00:03,4.9
2023-09-04 06:05:34,4.9
2023-09-04 06:10:02,4.9
2023-09-04 06:15:03,4.9
2023-09-04 06:20:33,4.9
2023-09-04 06:25:03,4.9
2023-09-04 06:35:02,4.9
2023-09-04 06:40:03,4.93
2023-09-04 06:45:02,4.9
2023-09-04 06:50:02,4.9
2023-09-04 06:55:03,4.9
2023-09-04 07:05:02,4.9
2023-09-04 07:10:02,4.9
2023-09-04 07:15:03,4.93
2023-09-04 07:20:02,4.9
2023-09-04 07:25:34,4.9
2023-09-04 07:30:02,4.93
2023-09-04 07:40:02,4.9
2023-09-04 07:45:34,4.93
2023-09-04 07:50:03,4.9
2023-09-04 07:55:02,4.93
2023-09-04 08:00:02,4.9
2023-09-04 08:05:02,4.9
2023-09-04 08:15:02,4.93
2023-09-04 08:20:02,4.93
2023-09-04 08:25:02,5
2023-09-04 08:30:34,4.96
2023-09-04 08:35:03,4.9
2023-09-04 08:40:02,4.9
2023-09-04 08:45:02,4.93
2023-09-04 08:50:03,4.93
2023-09-04 08:55:02,4.93
2023-09-04 09:00:03,4.93
2023-09-04 09:10:02,4.93
2023-09-04 09:16:37,4.97
2023-09-04 09:20:02,4.93
2023-09-04 09:25:03,4.93
2023-09-04 09:30:02,4.93
2023-09-04 09:35:34,4.93
2023-09-04 09:40:34,4.93
2023-09-04 09:45:02,4.93
2023-09-04 09:50:34,4.93
2023-09-04 09:55:03,4.93
2023-09-04 10:00:02,4.97
2023-09-04 10:05:02,4.93
2023-09-04 10:10:03,4.97
2023-09-04 10:15:02,4.93
2023-09-04 10:20:34,4.93
2023-09-04 10:25:02,4.93
2023-09-04 10:30:03,4.96
2023-09-04 10:40:03,4.93
2023-09-04 10:45:02,4.9
2023-09-04 10:50:02,4.93
2023-09-04 10:55:03,4.97
2023-09-04 11:05:02,4.93
2023-09-04 11:10:03,4.93
2023-09-04 11:15:33,4.97
2023-09-04 11:25:02,4.96
2023-09-04 11:30:02,4.93
2023-09-04 11:36:05,4.93
2023-09-04 11:40:02,4.93
2023-09-04 11:45:02,4.97
2023-09-04 11:50:34,4.93
2023-09-04 11:55:34,4.93
2023-09-04 12:05:03,4.96
2023-09-04 12:15:02,4.93
2023-09-04 12:20:03,4.93
2023-09-04 12:25:02,4.97
2023-09-04 12:30:03,4.93
2023-09-04 12:35:02,4.9
2023-09-04 12:40:34,4.93
2023-09-04 12:45:02,4.93
2023-09-04 12:50:02,4.93
2023-09-04 12:55:03,4.93
2023-09-04 13:05:02,4.93
2023-09-04 13:10:03,4.93
2023-09-04 13:15:02,4.93
2023-09-04 13:30:03,4.97
2023-09-04 13:35:02,4.93
2023-09-04 13:40:03,4.93
2023-09-04 13:45:02,4.93
2023-09-04 13:50:34,4.93
2023-09-04 14:00:03,4.93
2023-09-04 14:05:02,4.93
2023-09-04 14:10:02,4.97
2023-09-04 14:15:03,4.96
2023-09-04 14:20:02,4.93
2023-09-04 14:25:03,4.93
2023-09-04 14:30:02,4.93
2023-09-04 14:35:02,4.97
2023-09-04 14:40:03,4.93
2023-09-04 14:55:02,4.96
2023-09-04 15:05:34,4.93
2023-09-04 15:10:34,4.93
2023-09-04 15:15:02,4.93
2023-09-04 15:20:02,4.96
2023-09-04 15:30:02,4.93
2023-09-04 15:35:03,4.93
2023-09-04 15:40:02,4.97
2023-09-04 15:45:02,4.93
2023-09-04 15:50:03,4.93
2023-09-04 16:00:02,4.96
2023-09-04 16:05:02,4.93
2023-09-04 16:10:34,4.93
2023-09-04 16:15:34,4.93
2023-09-04 16:20:02,4.93
2023-09-04 16:25:34,4.93
2023-09-04 16:35:02,4.93
2023-09-04 16:40:03,4.93
2023-09-04 16:45:02,4.93
2023-09-04 16:50:02,4.97
2023-09-04 16:56:05,4.93
2023-09-04 17:05:03,4.93
2023-09-04 17:10:02,4.97
2023-09-04 17:15:03,4.93
2023-09-04 17:20:02,4.93
2023-09-04 17:25:02,4.93
2023-09-04 17:30:34,4.93
2023-09-04 17:35:34,4.93
2023-09-04 17:40:02,4.93
2023-09-04 17:51:05,5.2
2023-09-04 17:55:34,5.13
2023-09-04 18:00:03,4.93
2023-09-04 18:10:02,4.93
2023-09-04 18:15:02,4.96
2023-09-04 18:20:34,4.93
2023-09-04 18:31:06,4.93
2023-09-04 18:35:03,4.93
2023-09-04 18:45:33,4.93
2023-09-04 18:50:34,4.93
2023-09-04 18:55:03,4.93
2023-09-04 19:00:02,4.93
2023-09-04 19:05:02,4.97
2023-09-04 19:10:03,4.93
2023-09-04 19:15:02,4.96
2023-09-04 19:20:03,4.93
2023-09-04 19:25:02,4.97
2023-09-04 19:35:02,4.93
2023-09-04 19:40:34,4.9
2023-09-04 19:46:05,4.93
2023-09-04 19:50:03,4.9
2023-09-04 19:55:02,4.9
2023-09-04 20:00:02,4.93
2023-09-04 20:05:02,4.93
2023-09-04 20:10:02,4.93
2023-09-04 20:15:03,4.93
2023-09-04 20:20:02,4.93
2023-09-04 20:25:03,4.93
2023-09-04 20:30:02,4.96
2023-09-04 20:35:02,4.93
2023-09-04 20:40:03,4.93
2023-09-04 20:45:02,4.93
2023-09-04 20:50:34,4.93
2023-09-04 20:55:02,4.93
2023-09-04 21:05:03,4.93
2023-09-04 21:10:02,4.93
2023-09-04 21:15:03,4.93
2023-09-04 21:20:34,4.93
2023-09-04 21:25:02,4.96
2023-09-04 21:30:34,4.93
2023-09-04 21:35:03,5.23
2023-09-04 21:40:02,4.9
2023-09-04 21:45:02,5.13
2023-09-04 22:00:03,4.9
2023-09-04 22:10:02,4.93
2023-09-04 22:15:34,4.9
2023-09-04 22:20:03,4.9
2023-09-04 22:25:02,4.93
2023-09-04 22:30:02,4.9
2023-09-04 22:35:03,4.9
2023-09-04 22:45:02,4.93
2023-09-04 22:50:03,4.9
2023-09-04 23:00:03,4.93
2023-09-04 23:05:02,4.9
2023-09-04 23:10:02,4.93
2023-09-04 23:25:02,4.93
2023-09-04 23:30:03,4.93
2023-09-04 23:35:02,4.9
2023-09-04 23:40:03,4.93
2023-09-04 23:45:02,4.93
2023-09-04 23:50:03,4.96
2023-09-04 23:55:02,4.96
2023-09-05 00:00:02,4.93
2023-09-05 00:05:02,4.93
2023-09-05 00:10:03,4.97
2023-09-05 00:20:02,4.97
2023-09-05 00:25:03,5
2023-09-05 00:30:02,5
2023-09-05 00:35:02,5.03
2023-09-05 00:40:34,5.07
2023-09-05 00:50:03,5.1
2023-09-05 01:00:34,5.26
2023-09-05 01:05:34,4.93
2023-09-05 01:10:02,4.93
2023-09-05 01:15:34,4.93
2023-09-05 01:20:02,4.93
2023-09-05 01:25:02,4.93
2023-09-05 01:30:02,4.93
2023-09-05 01:40:02,4.97
2023-09-05 01:45:02,4.93
2023-09-05 01:50:03,4.93
2023-09-05 01:55:02,4.93
2023-09-05 02:00:03,4.93
2023-09-05 02:05:03,4.93
2023-09-05 02:10:02,4.93
2023-09-05 02:15:02,4.9
2023-09-05 02:20:03,4.9
2023-09-05 02:25:02,4.93
2023-09-05 02:35:02,4.93
2023-09-05 02:40:34,4.93
2023-09-05 02:45:02,4.93
2023-09-05 02:50:03,4.93
2023-09-05 02:55:02,4.93
2023-09-05 03:00:34,4.9
2023-09-05 03:05:34,4.9
2023-09-05 03:10:03,4.93
2023-09-05 03:15:34,4.93
2023-09-05 03:20:02,4.9
2023-09-05 03:25:02,4.9
2023-09-05 03:30:03,4.9
2023-09-05 03:35:02,4.9
2023-09-05 03:40:03,4.93
2023-09-05 03:45:33,4.9
2023-09-05 03:50:03,4.93
2023-09-05 03:55:02,4.93
2023-09-05 04:00:34,4.93
2023-09-05 04:05:03,4.93
2023-09-05 04:10:02,4.93
2023-09-05 04:15:03,4.93
2023-09-05 04:21:36,4.93
2023-09-05 04:25:03,4.93
2023-09-05 04:30:02,4.93
2023-09-05 04:35:02,4.93
2023-09-05 04:40:03,4.93
2023-09-05 04:45:02,4.93
2023-09-05 04:50:03,4.93
2023-09-05 04:55:02,4.93
2023-09-05 05:00:02,4.9
2023-09-05 05:05:03,4.9
2023-09-05 05:10:02,4.9
2023-09-05 05:20:03,4.93
2023-09-05 05:30:02,4.93
2023-09-05 05:35:34,4.93
2023-09-05 05:40:02,4.93
2023-09-05 05:50:02,4.93
2023-09-05 06:00:02,4.9
2023-09-05 06:05:02,4.9
2023-09-05 06:10:02,4.93
2023-09-05 06:15:03,4.93
2023-09-05 06:20:02,4.93
2023-09-05 06:25:03,4.93
2023-09-05 06:30:33,4.93
2023-09-05 06:35:03,4.93
2023-09-05 06:45:34,4.93
2023-09-05 06:50:02,4.93
2023-09-05 06:55:03,4.93
2023-09-05 07:01:36,4.9
2023-09-05 07:05:02,4.93
2023-09-05 07:10:02,4.93
2023-09-05 07:15:03,4.93
2023-09-05 07:20:02,4.93
2023-09-05 07:25:02,4.9
2023-09-05 07:30:03,4.9
2023-09-05 07:35:03,4.9
2023-09-05 07:40:02,4.93
2023-09-05 07:45:02,4.93
2023-09-05 07:50:03,4.9
2023-09-05 07:55:02,5.07
2023-09-05 08:00:03,4.96
2023-09-05 08:05:02,4.96
2023-09-05 08:10:03,4.93
2023-09-05 08:15:02,4.97
2023-09-05 08:20:02,4.93
2023-09-05 08:25:03,4.96
2023-09-05 08:30:02,4.93
2023-09-05 08:35:02,5
2023-09-05 08:40:03,4.96
2023-09-05 08:45:02,4.93
2023-09-05 08:50:02,4.93
2023-09-05 09:00:03,4.96
2023-09-05 09:15:03,4.93
2023-09-05 09:20:02,4.93
2023-09-05 09:25:34,4.97
2023-09-05 09:30:03,4.93
2023-09-05 09:35:03,4.93
2023-09-05 09:40:02,4.93
2023-09-05 09:45:02,4.93
2023-09-05 09:50:03,4.93
2023-09-05 09:55:33,4.93
2023-09-05 10:00:03,4.93
2023-09-05 10:05:03,4.93
2023-09-05 10:10:02,4.93
2023-09-05 10:15:02,4.96
2023-09-05 10:20:03,4.96
2023-09-05 10:25:02,4.93
2023-09-05 10:30:03,4.93
2023-09-05 10:35:03,4.93
2023-09-05 10:40:02,4.93
2023-09-05 10:50:02,4.93
2023-09-05 10:55:03,4.93
2023-09-05 11:00:02,4.93
2023-09-05 11:05:34,4.93
2023-09-05 11:10:02,4.93
2023-09-05 11:15:34,4.93
2023-09-05 11:20:02,4.93
2023-09-05 11:30:02,4.96
2023-09-05 11:35:02,4.93
2023-09-05 11:40:02,4.93
2023-09-05 11:45:34,4.97
2023-09-05 11:50:02,4.97
2023-09-05 11:55:03,4.93
2023-09-05 12:00:02,4.93
2023-09-05 12:10:03,4.93
2023-09-05 12:15:02,4.97
2023-09-05 12:20:02,4.93
2023-09-05 12:25:34,4.93
2023-09-05 12:30:03,4.93
2023-09-05 12:45:03,4.93
2023-09-05 12:50:02,4.93
2023-09-05 12:55:34,4.97
2023-09-05 13:00:02,4.93
2023-09-05 13:05:02,4.96
2023-09-05 13:10:03,4.93
2023-09-05 13:15:02,4.93
2023-09-05 13:20:03,4.93
2023-09-05 13:35:03,4.9
2023-09-05 13:40:02,4.9
2023-09-05 13:45:02,4.9
2023-09-05 13:50:03,4.93
2023-09-05 13:55:02,4.93
2023-09-05 14:00:02,4.93
2023-09-05 14:05:34,4.93
2023-09-05 14:15:03,4.93
2023-09-05 14:20:02,4.93
2023-09-05 14:25:34,4.93
2023-09-05 14:30:02,4.93
2023-09-05 14:40:03,4.96
2023-09-05 14:45:02,4.93
2023-09-05 14:50:03,4.93
2023-09-05 14:55:02,4.93
2023-09-05 15:00:03,4.93
2023-09-05 15:05:02,4.93
2023-09-05 15:10:03,4.96
2023-09-05 15:15:02,4.93
2023-09-05 15:20:03,4.93
2023-09-05 15:25:02,4.93
2023-09-05 15:30:02,4.97
2023-09-05 15:35:03,4.93
2023-09-05 15:45:03,4.93
2023-09-05 15:55:02,4.96
2023-09-05 16:00:03,4.93
2023-09-05 16:05:34,4.93
2023-09-05 16:10:02,4.93
2023-09-05 16:15:03,4.97
2023-09-05 16:25:02,4.93
2023-09-05 16:30:03,4.93
2023-09-05 16:35:02,4.93
2023-09-05 16:40:02,4.96
2023-09-05 16:45:03,4.93
2023-09-05 16:50:02,4.93
2023-09-05 16:55:02,4.96
2023-09-05 17:05:03,4.93
2023-09-05 17:10:02,4.93
2023-09-05 17:15:02,4.96
2023-09-05 17:25:02,4.93
2023-09-05 17:30:03,4.93
2023-09-05 17:40:03,4.97
2023-09-05 17:50:03,4.97
2023-09-05 18:00:02,4.96
2023-09-05 18:05:03,4.97
2023-09-05 18:10:02,4.97
2023-09-05 18:15:02,4.96
2023-09-05 18:20:03,4.97
2023-09-05 18:25:02,4.97
2023-09-05 18:30:03,4.96
2023-09-05 18:35:34,4.93
2023-09-05 18:40:02,4.97
2023-09-05 18:50:02,4.93
2023-09-05 18:55:03,4.96
2023-09-05 19:00:02,5.3
2023-09-05 19:05:34,4.96
2023-09-05 19:10:03,4.93
2023-09-05 19:15:02,4.93
2023-09-05 19:20:03,5.1
2023-09-05 19:25:33,5.06
2023-09-05 19:30:03,4.96
2023-09-05 19:35:03,4.93
2023-09-05 19:40:02,4.93
2023-09-05 19:45:03,4.93
2023-09-05 19:55:02,4.93
2023-09-05 20:00:03,4.93
2023-09-05 20:05:34,4.93
2023-09-05 20:10:02,4.93
2023-09-05 20:16:06,4.93
2023-09-05 20:20:02,4.93
2023-09-05 20:25:02,4.93
2023-09-05 20:30:03,4.93
2023-09-05 20:35:34,4.93
2023-09-05 20:45:02,5.1
2023-09-05 20:50:03,5
2023-09-05 20:55:02,4.9
2023-09-05 21:00:34,4.93
2023-09-05 21:05:34,4.93
2023-09-05 21:10:03,4.93
2023-09-05 21:15:02,4.93
2023-09-05 21:20:02,4.97
2023-09-05 21:25:03,4.93
2023-09-05 21:30:02,4.93
2023-09-05 21:35:02,4.93
2023-09-05 21:40:03,4.93
2023-09-05 21:45:33,4.93
2023-09-05 21:50:03,4.93
2023-09-05 21:55:02,4.97
2023-09-05 22:00:03,4.93
2023-09-05 22:05:03,4.93
2023-09-05 22:10:02,4.93
2023-09-05 22:16:05,4.93
2023-09-05 22:20:03,4.93
2023-09-05 22:25:02,4.93
2023-09-05 22:35:03,4.93
2023-09-05 22:40:33,4.93
2023-09-05 22:45:03,4.93
2023-09-05 23:00:02,4.93
2023-09-05 23:05:03,4.93
2023-09-05 23:15:02,4.93
2023-09-05 23:20:34,4.93
2023-09-05 23:25:02,4.93
2023-09-05 23:30:02,4.93
2023-09-05 23:40:03,4.93
2023-09-05 23:45:02,4.93
2023-09-05 23:50:02,4.93
2023-09-06 00:00:02,4.93
2023-09-06 00:05:02,4.93
2023-09-06 00:10:34,4.93
2023-09-06 00:15:34,4.93
2023-09-06 00:20:02,4.93
2023-09-06 00:25:03,4.93
2023-09-06 00:30:02,4.93
2023-09-06 00:35:34,4.93
2023-09-06 00:45:02,4.93
2023-09-06 00:50:03,4.93
2023-09-06 00:55:02,4.9
2023-09-06 01:00:03,4.9
2023-09-06 01:05:03,4.9
2023-09-06 01:10:02,4.93
2023-09-06 01:15:02,4.93
2023-09-06 01:20:03,4.93
2023-09-06 01:25:02,4.93
2023-09-06 01:35:33,4.93
2023-09-06 01:40:03,4.93
2023-09-06 01:45:02,4.93
2023-09-06 01:50:03,4.93
2023-09-06 02:00:02,4.9
2023-09-06 02:05:33,4.93
2023-09-06 02:10:03,4.93
2023-09-06 02:15:34,4.93
2023-09-06 02:25:02,4.93
2023-09-06 02:30:02,4.93
2023-09-06 02:35:02,4.93
2023-09-06 02:40:02,4.93
2023-09-06 02:45:03,4.93
2023-09-06 02:50:02,4.9
2023-09-06 02:55:34,4.93
2023-09-06 03:05:03,4.93
2023-09-06 03:10:02,4.93
2023-09-06 03:15:02,4.9
2023-09-06 03:20:03,4.93
2023-09-06 03:25:02,4.93
2023-09-06 03:30:03,4.9
2023-09-06 03:35:02,4.93
2023-09-06 03:40:03,4.9
2023-09-06 03:46:05,4.9
2023-09-06 03:50:02,4.9
2023-09-06 03:55:03,4.9
2023-09-06 04:00:02,4.9
2023-09-06 04:05:03,4.9
2023-09-06 04:10:33,4.93
2023-09-06 04:15:03,4.93
2023-09-06 04:20:02,4.93
2023-09-06 04:25:03,4.93
2023-09-06 04:30:02,4.93
2023-09-06 04:35:03,4.93
2023-09-06 04:45:02,4.9
2023-09-06 04:50:03,4.9
2023-09-06 05:00:02,4.93
2023-09-06 05:10:03,4.93
2023-09-06 05:15:02,4.93
2023-09-06 05:20:03,4.9
2023-09-06 05:25:02,4.93
2023-09-06 05:35:02,4.93
2023-09-06 05:40:34,4.93
2023-09-06 05:45:03,4.93
2023-09-06 05:50:02,4.93
2023-09-06 06:00:02,4.9
2023-09-06 06:05:02,4.9
2023-09-06 06:10:02,4.93
2023-09-06 06:15:03,4.9
2023-09-06 06:20:02,4.9
2023-09-06 06:25:34,4.9
2023-09-06 06:30:02,4.9
2023-09-06 06:35:02,4.93
2023-09-06 06:45:03,4.9
2023-09-06 06:50:02,4.93
2023-09-06 06:55:34,4.9
2023-09-06 07:00:02,4.93
2023-09-06 07:05:02,4.9
2023-09-06 07:10:02,4.9
2023-09-06 07:15:03,4.93
2023-09-06 07:21:05,4.9
2023-09-06 07:25:03,4.9
2023-09-06 07:30:02,4.93
2023-09-06 07:35:02,4.93
2023-09-06 07:40:02,4.93
2023-09-06 07:45:03,4.93
2023-09-06 07:50:02,4.93
2023-09-06 07:55:02,4.93
2023-09-06 08:00:02,5
2023-09-06 08:05:03,4.96
2023-09-06 08:10:02,4.93
2023-09-06 08:15:34,4.93
2023-09-06 08:20:02,4.97
2023-09-06 08:25:03,4.93
2023-09-06 08:30:02,4.93
2023-09-06 08:35:02,4.97
2023-09-06 08:40:02,4.93
2023-09-06 08:45:34,4.93
2023-09-06 08:50:03,4.93
2023-09-06 08:55:02,4.97
2023-09-06 09:00:03,4.96
2023-09-06 09:05:34,4.93
2023-09-06 09:10:02,4.93
2023-09-06 09:15:03,4.96
2023-09-06 09:20:02,4.93
2023-09-06 09:25:34,4.9
2023-09-06 09:30:02,5.2
2023-09-06 09:35:34,4.93
2023-09-06 09:40:03,5.1
2023-09-06 09:45:02,5.3
2023-09-06 09:55:03,5.33
2023-09-06 10:05:02,5.37
2023-09-06 10:10:02,5.4
2023-09-06 10:15:03,5.36
2023-09-06 10:20:02,5.37
2023-09-06 10:25:03,5.4
2023-09-06 10:30:34,5.5
2023-09-06 10:35:02,5.43
2023-09-06 10:40:02,5.5
2023-09-06 10:45:03,5.03
2023-09-06 10:50:34,4.93
2023-09-06 10:55:33,4.97
2023-09-06 11:05:02,4.93
2023-09-06 11:10:34,5.13
2023-09-06 11:15:03,5.13
2023-09-06 11:20:02,5.2
2023-09-06 11:25:03,4.93
2023-09-06 11:30:02,4.93
2023-09-06 11:35:03,4.96
2023-09-06 11:40:02,4.93
2023-09-06 11:45:03,4.93
2023-09-06 11:50:02,4.93
2023-09-06 11:55:03,4.97
2023-09-06 12:00:02,4.96
2023-09-06 12:05:03,4.97
2023-09-06 12:10:02,4.96
2023-09-06 12:15:03,4.97
2023-09-06 12:20:02,4.97
2023-09-06 12:30:03,4.97
2023-09-06 12:35:03,4.93
2023-09-06 12:40:02,4.96
2023-09-06 12:45:03,4.93
2023-09-06 12:50:02,4.96
2023-09-06 12:55:03,4.97
2023-09-06 13:00:02,4.93
2023-09-06 13:05:03,4.96
2023-09-06 13:10:02,4.97
2023-09-06 13:15:03,4.93
2023-09-06 13:20:02,4.93
2023-09-06 13:25:34,4.93
2023-09-06 13:30:02,4.93
2023-09-06 13:35:02,4.93
2023-09-06 13:40:03,4.97
2023-09-06 13:45:02,4.93
2023-09-06 13:50:02,4.93
2023-09-06 13:56:06,4.93
2023-09-06 14:05:02,4.93
2023-09-06 14:15:02,4.96
2023-09-06 14:20:02,4.93
2023-09-06 14:30:03,4.97
2023-09-06 14:35:03,4.93
2023-09-06 14:40:02,4.93
2023-09-06 14:45:03,4.93
2023-09-06 14:50:34,4.97
2023-09-06 14:55:02,4.97
2023-09-06 15:00:02,4.93
2023-09-06 15:10:02,4.93
2023-09-06 15:15:02,4.93
2023-09-06 15:20:02,4.96
2023-09-06 15:25:03,4.93
2023-09-06 15:30:02,4.96
2023-09-06 15:35:03,4.96
2023-09-06 15:40:02,4.93
2023-09-06 15:50:03,4.93
2023-09-06 16:00:02,4.93
2023-09-06 16:10:03,4.97
2023-09-06 16:15:34,4.93
2023-09-06 16:20:02,4.93
2023-09-06 16:25:02,4.93
2023-09-06 16:30:34,4.93
2023-09-06 16:35:34,4.93
2023-09-06 16:40:02,4.93
2023-09-06 16:45:03,4.96
2023-09-06 16:50:02,4.93
2023-09-06 16:55:03,4.93
2023-09-06 17:00:34,4.96
2023-09-06 17:05:34,4.93
2023-09-06 17:10:03,4.93
2023-09-06 17:35:02,4.96
2023-09-06 17:40:02,4.96
2023-09-06 17:45:02,4.93
2023-09-06 17:50:34,4.93
2023-09-06 17:55:02,4.93
2023-09-06 18:00:34,4.93
2023-09-06 18:05:34,4.93
2023-09-06 18:15:02,4.93
2023-09-06 18:20:03,4.93
2023-09-06 18:25:02,4.93
2023-09-06 18:30:03,4.96
2023-09-06 18:35:02,4.93
2023-09-06 18:40:34,4.9
2023-09-06 18:45:02,4.93
2023-09-06 18:50:03,4.93
2023-09-06 18:55:02,4.93
2023-09-06 19:00:02,4.93
2023-09-06 19:05:02,4.93
2023-09-06 19:15:02,4.97
2023-09-06 19:20:02,4.93
2023-09-06 19:25:03,4.93
2023-09-06 19:30:02,4.93
2023-09-06 19:35:03,4.96
2023-09-06 19:40:02,4.93
2023-09-06 19:55:03,4.96
2023-09-06 20:05:02,4.93
2023-09-06 20:10:03,4.93
2023-09-06 20:15:34,4.93
2023-09-06 20:30:02,4.93
2023-09-06 20:35:03,4.93
2023-09-06 20:40:02,4.97
2023-09-06 20:45:02,4.93
2023-09-06 20:50:02,4.93
2023-09-06 20:55:02,4.93
2023-09-06 21:00:02,4.96
2023-09-06 21:05:02,4.93
2023-09-06 21:10:03,4.93
2023-09-06 21:16:05,4.96
2023-09-06 21:20:34,4.93
2023-09-06 21:25:02,4.93
2023-09-06 21:30:02,4.93
2023-09-06 21:35:02,4.93
2023-09-06 21:40:03,4.96
2023-09-06 21:46:05,4.93
2023-09-06 21:50:02,4.93
2023-09-06 21:55:34,4.96
2023-09-06 22:00:34,4.93
2023-09-06 22:05:02,4.93
2023-09-06 22:10:03,4.93
2023-09-06 22:15:02,4.93
2023-09-06 22:20:02,4.96
2023-09-06 22:25:03,4.96
2023-09-06 22:30:02,4.93
2023-09-06 22:35:02,4.93
2023-09-06 22:41:05,4.96
2023-09-06 22:45:03,4.97
2023-09-06 22:50:02,4.93
2023-09-06 22:55:02,4.93
2023-09-06 23:00:03,4.93
2023-09-06 23:10:03,4.93
2023-09-06 23:15:02,4.93
2023-09-06 23:20:03,4.93
2023-09-06 23:30:02,4.93
2023-09-06 23:35:02,4.93
2023-09-06 23:40:02,4.93
2023-09-06 23:50:33,5.23
2023-09-06 23:55:03,4.93
2023-09-07 00:00:34,4.93
2023-09-07 00:05:03,4.93
2023-09-07 00:10:02,4.9
2023-09-07 00:15:03,4.93
2023-09-07 00:20:02,4.93
2023-09-07 00:25:34,4.93
2023-09-07 00:30:02,4.93
2023-09-07 00:35:02,4.93
2023-09-07 00:40:03,4.96
2023-09-07 00:45:02,4.93
2023-09-07 00:55:02,4.93
2023-09-07 01:00:02,4.93
2023-09-07 01:05:03,4.9
2023-09-07 01:10:02,4.93
2023-09-07 01:20:03,4.93
2023-09-07 01:25:02,4.93
2023-09-07 01:30:03,4.93
2023-09-07 01:40:34,4.9
2023-09-07 01:45:34,4.9
2023-09-07 01:50:02,5.17
2023-09-07 01:55:02,4.93
2023-09-07 02:00:03,4.93
2023-09-07 02:05:03,4.93
2023-09-07 02:10:02,4.93
2023-09-07 02:20:34,4.93
2023-09-07 02:25:03,4.9
2023-09-07 02:30:02,4.9
2023-09-07 02:35:33,4.9
2023-09-07 02:40:03,4.93
2023-09-07 02:50:34,4.93
2023-09-07 02:55:02,4.93
2023-09-07 03:00:34,4.93
2023-09-07 03:05:02,4.93
2023-09-07 03:10:03,4.93
2023-09-07 03:15:02,4.93
2023-09-07 03:20:03,4.93
2023-09-07 03:25:02,4.93
2023-09-07 03:35:03,4.93
2023-09-07 03:40:02,4.9
2023-09-07 03:45:02,4.9
2023-09-07 03:50:03,4.93
2023-09-07 03:55:02,4.93
2023-09-07 04:00:03,4.93
2023-09-07 04:05:34,4.93
2023-09-07 04:10:03,4.93
2023-09-07 04:15:02,4.9
2023-09-07 04:20:02,5
2023-09-07 04:25:02,4.93
2023-09-07 04:30:02,4.9
2023-09-07 04:35:02,4.9
2023-09-07 04:40:03,4.93
2023-09-07 04:45:33,4.9
2023-09-07 04:50:03,4.9
2023-09-07 04:55:34,4.9
2023-09-07 05:00:02,4.9
2023-09-07 05:05:02,4.9
2023-09-07 05:10:02,4.93
2023-09-07 05:15:03,4.9
2023-09-07 05:25:02,4.9
2023-09-07 05:30:34,4.93
2023-09-07 05:35:34,4.9
2023-09-07 05:40:03,4.93
2023-09-07 05:45:02,4.9
2023-09-07 05:55:03,4.96
2023-09-07 06:00:02,4.9
2023-09-07 06:05:02,4.9
2023-09-07 06:10:02,4.93
2023-09-07 06:15:03,4.9
2023-09-07 06:20:02,4.93
2023-09-07 06:26:05,4.93
2023-09-07 06:30:03,4.9
2023-09-07 06:35:03,4.93
2023-09-07 06:40:02,4.9
2023-09-07 06:50:03,4.9
2023-09-07 06:55:02,4.9
2023-09-07 07:00:03,4.93
2023-09-07 07:06:05,4.93
2023-09-07 07:10:03,4.9
2023-09-07 07:15:02,4.9
2023-09-07 07:25:03,4.93
2023-09-07 07:30:02,4.9
2023-09-07 07:45:03,4.9
2023-09-07 07:50:02,4.9
2023-09-07 07:55:02,4.93
2023-09-07 08:00:03,4.93
2023-09-07 08:05:03,4.93
2023-09-07 08:10:02,4.93
2023-09-07 08:15:02,4.93
2023-09-07 08:20:03,5
2023-09-07 08:25:02,4.93
2023-09-07 08:30:03,4.93
2023-09-07 08:35:03,4.93
2023-09-07 08:45:02,4.93
2023-09-07 08:50:03,4.97
2023-09-07 08:55:33,4.93
2023-09-07 09:00:03,4.93
2023-09-07 09:10:03,4.97
2023-09-07 09:15:02,5.13
2023-09-07 09:20:02,4.93
2023-09-07 09:26:06,4.96
2023-09-07 09:35:34,4.93
2023-09-07 09:40:34,4.96
2023-09-07 09:45:03,5
2023-09-07 09:55:02,4.93
2023-09-07 10:05:02,4.96
2023-09-07 10:15:33,4.93
2023-09-07 10:20:03,4.96
2023-09-07 10:25:02,4.97
2023-09-07 10:30:03,4.93
2023-09-07 10:35:03,4.93
2023-09-07 10:40:02,4.97
2023-09-07 10:45:02,4.96
2023-09-07 10:55:03,4.96
2023-09-07 11:00:02,4.97
2023-09-07 11:05:33,4.96
2023-09-07 11:10:03,4.93
2023-09-07 11:15:02,4.97
2023-09-07 11:20:03,4.93
2023-09-07 11:25:02,4.97
2023-09-07 11:30:03,4.93
2023-09-07 11:40:34,4.96
2023-09-07 11:45:34,4.93
2023-09-07 11:50:02,4.97
2023-09-07 11:55:02,4.93
2023-09-07 12:00:03,4.96
2023-09-07 12:10:34,4.97
2023-09-07 12:15:03,4.93
2023-09-07 12:20:02,4.93
2023-09-07 12:25:02,4.96
2023-09-07 12:30:03,4.93
2023-09-07 12:35:03,4.93
2023-09-07 12:40:03,4.96
2023-09-07 12:45:02,4.93
2023-09-07 12:50:03,4.97
2023-09-07 12:55:02,4.96
2023-09-07 13:00:02,4.97
2023-09-07 13:05:02,4.96
2023-09-07 13:10:03,4.93
2023-09-07 13:15:02,4.93
2023-09-07 13:20:02,4.93
2023-09-07 13:25:03,4.97
2023-09-07 13:30:02,4.93
2023-09-07 13:35:02,4.96
2023-09-07 13:40:34,4.93
2023-09-07 13:46:05,4.93
2023-09-07 13:50:03,4.93
2023-09-07 13:55:02,4.93
2023-09-07 14:00:02,4.93
2023-09-07 14:05:33,4.97
2023-09-07 14:10:02,4.97
2023-09-07 14:15:02,4.93
2023-09-07 14:20:34,4.97
2023-09-07 14:25:02,4.93
2023-09-07 14:30:03,4.93
2023-09-07 14:35:02,4.93
2023-09-07 14:40:03,4.93
2023-09-07 14:45:02,4.96
2023-09-07 14:55:34,4.96
2023-09-07 15:00:03,4.96
2023-09-07 15:10:02,4.96
2023-09-07 15:15:03,4.96
2023-09-07 15:20:02,4.93
2023-09-07 15:30:02,4.93
2023-09-07 15:40:03,4.93
2023-09-07 15:45:02,4.97
2023-09-07 15:55:03,4.96
2023-09-07 16:00:02,4.93
2023-09-07 16:05:02,4.96
2023-09-07 16:10:03,4.93
2023-09-07 16:15:02,4.96
2023-09-07 16:20:02,4.96
2023-09-07 16:25:02,4.97
2023-09-07 16:31:05,4.97
2023-09-07 16:35:03,4.97
2023-09-07 16:45:02,4.96
2023-09-07 16:50:03,4.97
2023-09-07 16:55:02,4.93
2023-09-07 17:00:03,4.96
2023-09-07 17:05:03,4.93
2023-09-07 17:10:02,4.96
2023-09-07 17:15:03,4.93
2023-09-07 17:20:02,4.97
2023-09-07 17:30:03,4.96
2023-09-07 17:35:02,4.93
2023-09-07 17:45:03,5.3
2023-09-07 18:00:03,5.03
2023-09-07 18:05:02,5.03
2023-09-07 18:10:02,5.07
2023-09-07 18:15:03,5.23
2023-09-07 18:20:34,5
2023-09-07 18:25:02,4.97
2023-09-07 18:30:02,5.1
2023-09-07 18:35:02,5.06
2023-09-07 18:50:02,5.16
2023-09-07 18:55:34,5.43
2023-09-07 19:00:02,5.53
2023-09-07 19:05:02,5.53
2023-09-07 19:10:02,5.43
2023-09-07 19:15:03,5.23
2023-09-07 19:20:02,5.13
2023-09-07 19:25:03,5.1
2023-09-07 19:30:02,5.13
2023-09-07 19:35:33,5.33
2023-09-07 19:40:03,5.33
2023-09-07 19:45:34,5.2
2023-09-07 19:50:02,4.93
2023-09-07 19:55:34,4.93
2023-09-07 20:00:02,4.97
2023-09-07 20:05:02,4.93
2023-09-07 20:15:03,4.97
2023-09-07 20:25:02,4.96
2023-09-07 20:30:03,4.93
2023-09-07 20:35:02,4.93
2023-09-07 20:45:03,4.93
2023-09-07 20:51:05,4.93
2023-09-07 20:55:02,4.96
2023-09-07 21:00:03,4.97
2023-09-07 21:05:02,4.97
2023-09-07 21:10:02,4.93
2023-09-07 21:15:03,4.93
2023-09-07 21:20:02,4.93
2023-09-07 21:25:03,4.96
2023-09-07 21:35:02,4.93
2023-09-07 21:40:02,4.93
2023-09-07 21:45:02,4.93
2023-09-07 21:55:03,4.9
2023-09-07 22:00:02,4.93
2023-09-07 22:10:02,4.93
2023-09-07 22:15:03,4.93
2023-09-07 22:20:02,4.93
2023-09-07 22:25:02,4.93
2023-09-07 22:30:03,4.93
2023-09-07 22:35:03,4.93
2023-09-07 22:40:02,4.93
2023-09-07 22:45:03,5
2023-09-07 22:50:02,4.96
2023-09-07 23:00:03,4.97
2023-09-07 23:05:02,4.97
2023-09-07 23:10:03,4.97
2023-09-07 23:15:02,4.93
2023-09-07 23:20:03,4.96
2023-09-07 23:25:02,4.97
2023-09-07 23:30:34,4.96
2023-09-07 23:40:03,4.93
2023-09-07 23:45:02,4.96
2023-09-07 23:50:02,5
2023-09-08 00:00:33,5
2023-09-08 00:10:02,4.93
2023-09-08 00:15:02,4.96
2023-09-08 00:20:03,4.93
2023-09-08 00:26:36,4.97
2023-09-08 00:30:03,4.96
2023-09-08 00:35:02,4.93
2023-09-08 00:40:02,4.93
2023-09-08 00:45:03,4.93
2023-09-08 00:50:02,5.1
2023-09-08 01:00:03,4.93
2023-09-08 01:05:02,4.97
2023-09-08 01:15:03,4.96
2023-09-08 01:20:02,4.97
2023-09-08 01:30:33,4.97
2023-09-08 01:35:03,4.97
2023-09-08 01:40:33,4.96
2023-09-08 01:45:03,4.93
2023-09-08 01:50:02,4.97
2023-09-08 01:55:03,4.96
2023-09-08 02:00:02,4.96
2023-09-08 02:05:33,4.93
2023-09-08 02:15:33,4.97
2023-09-08 02:20:03,4.97
2023-09-08 02:25:02,4.93
2023-09-08 02:30:02,4.96
2023-09-08 02:35:34,4.97
2023-09-08 02:40:34,4.96
2023-09-08 02:45:02,4.96
2023-09-08 02:50:02,4.96
2023-09-08 02:55:03,4.97
2023-09-08 03:00:02,4.97
2023-09-08 03:05:34,4.97
2023-09-08 03:10:03,4.96
2023-09-08 03:15:02,4.93
2023-09-08 03:20:02,4.93
2023-09-08 03:25:03,4.93
2023-09-08 03:30:02,4.93
2023-09-08 03:35:02,4.93
2023-09-08 03:40:02,4.93
2023-09-08 03:45:03,4.96
2023-09-08 03:50:02,4.93
2023-09-08 03:55:03,4.93
2023-09-08 04:00:02,4.96
2023-09-08 04:05:02,4.97
2023-09-08 04:10:02,4.97
2023-09-08 04:15:03,4.93
2023-09-08 04:20:02,4.93
2023-09-08 04:25:02,4.93
2023-09-08 04:30:03,4.97
2023-09-08 04:35:03,4.96
2023-09-08 04:40:02,4.93
2023-09-08 04:45:02,4.93
2023-09-08 04:50:03,4.93
2023-09-08 04:55:02,4.93
2023-09-08 05:00:02,4.93
2023-09-08 05:05:02,4.93
2023-09-08 05:10:03,4.93
2023-09-08 05:15:02,4.96
2023-09-08 05:21:06,4.96
2023-09-08 05:25:02,4.96
2023-09-08 05:35:33,4.93
2023-09-08 05:45:02,4.93
2023-09-08 05:50:02,4.96
2023-09-08 05:55:02,4.97
2023-09-08 06:00:02,4.97
2023-09-08 06:05:02,4.93
2023-09-08 06:10:02,4.93
2023-09-08 06:15:03,4.97
2023-09-08 06:20:02,4.96
2023-09-08 06:25:03,4.93
2023-09-08 06:35:03,4.97
2023-09-08 07:05:03,4.97
2023-09-08 07:11:05,4.93
2023-09-08 07:15:02,4.96
2023-09-08 07:20:03,4.96
2023-09-08 07:25:34,4.96
2023-09-08 07:30:02,4.93
2023-09-08 07:36:05,4.93
2023-09-08 07:40:03,4.93
2023-09-08 07:45:02,4.93
2023-09-08 07:50:02,4.93
2023-09-08 07:55:03,4.96
2023-09-08 08:00:34,5.1
2023-09-08 08:06:06,4.93
2023-09-08 08:10:02,4.96
2023-09-08 08:20:02,4.93
2023-09-08 08:25:02,4.93
2023-09-08 08:30:03,4.93
2023-09-08 08:35:03,4.93
2023-09-08 08:40:02,4.93
2023-09-08 08:50:35,4.93
2023-09-08 08:55:02,4.93
2023-09-08 09:10:03,4.93
2023-09-08 09:15:03,4.9
2023-09-08 09:20:02,4.9
2023-09-08 09:25:03,4.9
2023-09-08 09:35:02,4.93
2023-09-08 09:40:34,4.93
2023-09-08 09:45:02,4.93
2023-09-08 09:50:02,4.93
2023-09-08 10:00:02,4.93
2023-09-08 10:05:02,4.93
2023-09-08 10:10:02,4.93
2023-09-08 10:15:34,4.9
2023-09-08 10:35:02,4.93
2023-09-08 10:45:03,4.93
2023-09-08 10:55:34,4.93
2023-09-08 11:00:02,4.93
2023-09-08 11:05:02,4.93
2023-09-08 11:10:03,4.93
2023-09-08 11:15:02,4.93
2023-09-08 11:20:03,4.93
2023-09-08 11:25:02,4.9
2023-09-08 11:31:05,4.93
2023-09-08 11:35:02,4.93
2023-09-08 11:40:02,4.93
2023-09-08 11:45:03,4.93
2023-09-08 11:50:02,4.93
2023-09-08 11:55:02,4.93
2023-09-08 12:00:02,4.93
2023-09-08 12:05:02,4.93
2023-09-08 12:10:03,5.13
2023-09-08 12:15:02,5
2023-09-08 12:25:03,4.97
2023-09-08 12:30:02,4.97
2023-09-08 12:35:03,4.97
2023-09-08 12:40:02,4.96
2023-09-08 12:45:02,4.93
2023-09-08 12:50:03,4.93
2023-09-08 13:00:02,4.93
2023-09-08 13:05:03,4.93
2023-09-08 13:15:02,4.93
2023-09-08 13:21:06,4.93
2023-09-08 13:25:02,4.93
2023-09-08 13:30:34,4.93
2023-09-08 13:40:02,4.93
2023-09-08 13:45:02,4.96
2023-09-08 13:50:03,4.93
2023-09-08 14:00:02,4.97
2023-09-08 14:10:02,5.03
2023-09-08 14:15:34,4.93
2023-09-08 14:20:02,4.96
2023-09-08 14:25:03,4.96
2023-09-08 14:35:03,4.93
2023-09-08 14:40:02,4.93
2023-09-08 14:45:34,4.93
2023-09-08 14:55:03,4.93
2023-09-08 15:00:02,4.97
2023-09-08 15:05:02,4.96
2023-09-08 15:10:03,4.93
2023-09-08 15:15:02,4.97
2023-09-08 15:20:03,4.96
2023-09-08 15:25:02,4.93
2023-09-08 15:30:34,4.96
2023-09-08 15:35:02,4.93
2023-09-08 15:40:02,4.96
2023-09-08 15:45:03,4.93
2023-09-08 15:55:34,4.97
2023-09-08 16:00:02,4.93
2023-09-08 16:05:34,4.97
2023-09-08 16:10:02,4.93
2023-09-08 16:20:03,4.96
2023-09-08 16:25:02,4.96
2023-09-08 16:30:03,4.97
2023-09-08 16:35:02,5
2023-09-08 16:40:03,4.96
2023-09-08 16:45:34,4.97
2023-09-08 16:55:03,4.93
2023-09-08 17:00:02,4.96
2023-09-08 17:05:34,4.93
2023-09-08 17:10:02,4.93
2023-09-08 17:15:03,4.97
2023-09-08 17:20:02,4.93
2023-09-08 17:25:02,5
2023-09-08 17:30:02,4.93
2023-09-08 17:40:34,4.93
2023-09-08 17:50:34,4.93
2023-09-08 17:55:02,4.93
2023-09-08 18:05:02,4.93
2023-09-08 18:10:03,5.2
2023-09-08 18:15:02,4.93
2023-09-08 18:20:02,4.93
2023-09-08 18:25:02,4.93
2023-09-08 18:30:02,4.9
2023-09-08 18:35:02,5.03
2023-09-08 18:40:02,4.93
2023-09-08 18:45:02,4.93
2023-09-08 18:50:34,4.93
2023-09-08 18:55:03,4.9
2023-09-08 19:00:02,4.9
2023-09-08 19:10:03,4.93
2023-09-08 19:15:02,4.93
2023-09-08 19:20:03,4.93
2023-09-08 19:25:34,4.93
2023-09-08 19:30:02,4.93
2023-09-08 19:40:02,4.93
2023-09-08 19:45:02,4.93
2023-09-08 19:50:03,4.93
2023-09-08 20:05:03,4.9
2023-09-08 20:10:34,4.93
2023-09-08 20:15:34,4.93
2023-09-08 20:20:02,4.93
2023-09-08 20:25:02,4.93
2023-09-08 20:30:02,4.9
2023-09-08 20:35:34,4.93
2023-09-08 20:40:02,4.93
2023-09-08 20:45:03,4.93
2023-09-08 20:50:34,4.9
2023-09-08 21:00:02,4.9
2023-09-08 21:05:03,4.93
2023-09-08 21:10:02,4.9
2023-09-08 21:15:34,4.9
2023-09-08 21:20:02,4.93
2023-09-08 21:25:03,4.93
2023-09-08 21:30:34,4.9
2023-09-08 21:35:02,4.93
2023-09-08 21:40:03,4.9
2023-09-08 21:45:33,4.93
2023-09-08 21:50:03,4.93
2023-09-08 21:55:02,4.93
2023-09-08 22:00:02,4.9
2023-09-08 22:25:33,4.93
2023-09-08 22:30:03,4.93
2023-09-08 22:35:03,4.9
2023-09-08 22:40:02,4.9
2023-09-08 22:45:02,4.93
2023-09-08 22:50:02,4.9
2023-09-08 22:55:02,4.9
2023-09-08 23:00:03,4.9
2023-09-08 23:05:02,4.9
2023-09-08 23:10:03,4.9
2023-09-08 23:20:02,4.93
2023-09-08 23:25:03,4.93
2023-09-08 23:35:03,4.93
2023-09-08 23:40:02,4.93
2023-09-08 23:45:03,4.9
2023-09-08 23:55:02,4.93
2023-09-09 00:00:03,4.93
2023-09-09 00:05:02,4.93
2023-09-09 00:15:02,4.93
2023-09-09 00:20:03,4.93
2023-09-09 00:25:02,4.93
2023-09-09 00:30:03,4.9
2023-09-09 00:40:33,4.9
2023-09-09 00:45:02,4.9
2023-09-09 00:50:02,4.93
2023-09-09 00:55:34,4.9
2023-09-09 01:00:02,4.93
2023-09-09 01:05:03,4.9
2023-09-09 01:10:02,4.9
2023-09-09 01:15:02,4.9
2023-09-09 01:20:03,4.9
2023-09-09 01:25:02,5.16
2023-09-09 01:30:03,4.93
2023-09-09 01:35:03,4.9
2023-09-09 01:40:02,4.9
2023-09-09 01:45:03,4.93
2023-09-09 01:50:02,4.9
2023-09-09 01:55:02,4.93
2023-09-09 02:00:03,4.9
2023-09-09 02:05:02,4.9
2023-09-09 02:10:03,4.93
2023-09-09 02:15:02,4.9
2023-09-09 02:20:02,4.93
2023-09-09 02:30:02,4.9
2023-09-09 02:35:03,4.93
2023-09-09 02:40:02,4.9
2023-09-09 02:45:02,4.9
2023-09-09 02:50:03,4.9
2023-09-09 02:55:02,4.9
2023-09-09 03:05:02,4.9
2023-09-09 03:10:34,4.9
2023-09-09 03:15:03,4.9
2023-09-09 03:25:02,4.9
2023-09-09 03:30:03,5
2023-09-09 03:40:02,5.16
2023-09-09 03:50:02,5.13
2023-09-09 03:55:02,4.9
2023-09-09 04:00:03,4.9
2023-09-09 04:05:02,4.9
2023-09-09 04:10:03,4.9
2023-09-09 04:20:02,4.9
2023-09-09 04:30:33,4.9
2023-09-09 04:40:02,4.93
2023-09-09 04:45:02,4.9
2023-09-09 04:55:03,4.9
2023-09-09 05:00:02,4.9
2023-09-09 05:05:02,4.93
2023-09-09 05:10:03,4.9
2023-09-09 05:15:02,4.9
2023-09-09 05:25:03,4.9
2023-09-09 05:30:02,4.93
2023-09-09 05:35:03,4.9
2023-09-09 05:40:02,4.9
2023-09-09 05:50:03,4.9
2023-09-09 05:55:02,4.93
2023-09-09 06:05:03,4.9
2023-09-09 06:10:34,4.9
2023-09-09 06:15:02,4.9
2023-09-09 06:25:03,4.9
2023-09-09 06:35:02,4.93
2023-09-09 06:40:03,4.9
2023-09-09 06:45:02,4.9
2023-09-09 06:50:03,4.93
2023-09-09 07:05:02,4.9
2023-09-09 07:10:03,4.9
2023-09-09 07:15:02,4.93
2023-09-09 07:20:02,4.9
2023-09-09 07:25:03,4.93
2023-09-09 07:30:02,4.9
2023-09-09 07:35:02,4.9
2023-09-09 07:40:02,5.13
2023-09-09 07:45:03,4.96
2023-09-09 07:50:02,4.93
2023-09-09 07:55:02,4.93
2023-09-09 08:00:03,4.93
2023-09-09 08:05:03,4.93
2023-09-09 08:16:05,4.93
2023-09-09 08:20:03,4.93
2023-09-09 08:30:34,4.9
2023-09-09 08:40:02,4.9
2023-09-09 08:45:03,4.9
2023-09-09 08:50:02,4.93
2023-09-09 09:05:03,4.93
2023-09-09 09:10:02,4.93
2023-09-09 09:15:02,4.93
2023-09-09 09:20:02,4.93
2023-09-09 09:25:03,4.93
2023-09-09 09:31:05,4.93
2023-09-09 09:35:03,4.93
2023-09-09 09:40:02,4.93
2023-09-09 09:45:03,4.93
2023-09-09 09:50:02,4.93
2023-09-09 09:55:02,4.93
2023-09-09 10:00:03,4.93
2023-09-09 10:05:03,4.93
2023-09-09 10:10:02,4.97
2023-09-09 10:15:03,5
2023-09-09 10:25:02,4.93
2023-09-09 10:30:03,4.93
2023-09-09 10:35:34,4.93
2023-09-09 10:45:03,4.93
2023-09-09 10:50:02,4.93
2023-09-09 10:55:03,4.93
2023-09-09 11:00:02,4.97
2023-09-09 11:05:02,4.93
2023-09-09 11:10:02,4.93
2023-09-09 11:15:03,4.96
2023-09-09 11:20:02,4.93
2023-09-09 11:30:03,4.93
2023-09-09 11:40:02,4.93
2023-09-09 11:45:03,4.96
2023-09-09 11:50:02,4.93
2023-09-09 11:55:02,4.97
2023-09-09 12:05:02,4.97
2023-09-09 12:15:02,4.93
2023-09-09 12:20:03,4.97
2023-09-09 12:30:02,4.96
2023-09-09 12:35:03,4.97
2023-09-09 12:40:03,5.33
2023-09-09 12:45:02,5
2023-09-09 12:50:02,4.93
2023-09-09 12:55:34,4.93
2023-09-09 13:00:02,4.96
2023-09-09 13:05:33,4.93
2023-09-09 13:10:03,4.96
2023-09-09 13:15:02,4.97
2023-09-09 13:20:34,4.97
2023-09-09 13:25:02,4.93
2023-09-09 13:30:34,4.96
2023-09-09 13:35:02,4.93
2023-09-09 13:40:03,4.93
2023-09-09 13:45:02,4.96
2023-09-09 13:50:03,4.96
2023-09-09 13:55:02,4.97
2023-09-09 14:00:02,4.96
2023-09-09 14:15:02,4.96
2023-09-09 14:25:03,4.93
2023-09-09 14:30:02,4.93
2023-09-09 14:40:02,4.96
2023-09-09 14:50:34,4.97
2023-09-09 14:55:03,4.96
2023-09-09 15:00:34,4.93
2023-09-09 15:10:35,4.93
2023-09-09 15:15:02,4.93
2023-09-09 15:20:02,4.96
2023-09-09 15:25:03,4.93
2023-09-09 15:30:02,4.93
2023-09-09 15:35:02,4.96
2023-09-09 15:40:02,4.93
2023-09-09 15:45:03,4.93
2023-09-09 15:50:02,4.96
2023-09-09 16:00:02,4.93
2023-09-09 16:06:05,4.97
2023-09-09 16:10:03,4.97
2023-09-09 16:20:02,4.93
2023-09-09 16:25:34,4.96
2023-09-09 16:35:02,4.93
2023-09-09 16:40:03,4.93
2023-09-09 16:50:34,4.93
2023-09-09 16:55:02,4.93
2023-09-09 17:00:34,4.93
2023-09-09 17:05:02,4.93
2023-09-09 17:10:02,4.97
2023-09-09 17:15:03,4.93
2023-09-09 17:20:02,4.96
2023-09-09 17:25:03,4.93
2023-09-09 17:35:03,5.03
2023-09-09 17:40:02,4.93
2023-09-09 17:45:03,4.93
2023-09-09 17:50:02,4.93
2023-09-09 17:55:03,4.9
2023-09-09 18:01:05,4.93
2023-09-09 18:05:03,4.93
2023-09-09 18:10:33,4.9
2023-09-09 18:15:34,4.93
2023-09-09 18:20:34,5.03
2023-09-09 18:25:02,4.93
2023-09-09 18:30:03,4.9
2023-09-09 18:35:03,4.93
2023-09-09 18:40:02,4.93
2023-09-09 18:45:34,4.93
2023-09-09 18:50:03,4.93
2023-09-09 18:55:33,4.93
2023-09-09 19:00:03,4.93
2023-09-09 19:05:03,4.93
2023-09-09 19:10:02,4.93
2023-09-09 19:15:34,4.9
2023-09-09 19:20:02,4.93
2023-09-09 19:25:02,4.93
2023-09-09 19:30:34,4.93
2023-09-09 19:35:34,4.9
2023-09-09 19:40:02,4.93
2023-09-09 19:45:03,4.93
2023-09-09 19:50:02,4.9
2023-09-09 19:55:02,4.93
2023-09-09 20:00:03,4.93
2023-09-09 20:05:03,4.93
2023-09-09 20:10:02,4.93
2023-09-09 20:15:03,4.9
2023-09-09 20:20:02,4.9
2023-09-09 20:25:03,4.93
2023-09-09 20:30:02,4.93
2023-09-09 20:35:02,4.93
2023-09-09 20:40:02,4.93
2023-09-09 20:45:03,4.93
2023-09-09 20:55:02,4.93
2023-09-09 21:00:03,4.93
2023-09-09 21:05:34,4.9
2023-09-09 21:15:03,4.9
2023-09-09 21:20:02,4.93
2023-09-09 21:25:03,4.9
2023-09-09 21:30:02,4.9
2023-09-09 21:35:02,5
2023-09-09 21:40:02,4.93
2023-09-09 21:45:03,4.9
2023-09-09 21:50:02,4.9
2023-09-09 22:00:02,4.96
2023-09-09 22:05:03,4.9
2023-09-09 22:10:34,4.93
2023-09-09 22:15:02,4.93
2023-09-09 22:20:34,4.93
2023-09-09 22:25:02,4.9
2023-09-09 22:35:03,4.93
2023-09-09 22:40:02,4.9
2023-09-09 22:50:02,4.93
2023-09-09 22:55:02,4.9
2023-09-09 23:05:02,4.9
2023-09-09 23:10:03,4.9
2023-09-09 23:15:34,4.9
2023-09-09 23:20:02,4.9
2023-09-09 23:25:02,4.9
2023-09-09 23:30:03,4.9
2023-09-09 23:35:03,4.97
2023-09-09 23:40:34,4.9
2023-09-09 23:45:33,4.9
2023-09-09 23:50:03,4.93
2023-09-09 23:55:02,4.9
2023-09-10 00:00:02,4.9
