day,oxygen,,,,,1/9/2023 13:34,0.18709677
1,0.14387095,,8pm everyday,,,1/9/2023 13:41,0.14774194
2,0.18258065,,,,,1/9/2023 13:48,0.1387097
3,0.17387097,,,,,1/9/2023 13:55,0.15741935
4,0.18096775,,,,,1/9/2023 14:02,0.15548387
5,0.14387095,,,,,1/9/2023 14:09,0.1516129
6,0.15225807,,,,,1/9/2023 14:16,0.14741936
7,0.15096775,,,,,1/9/2023 14:30,0.19387096
8,0.20774193,,,,,1/9/2023 14:44,0.1448387
9,0.19322582,,,,,1/9/2023 14:51,0.14580646
10,0.18096773,,,,,1/9/2023 14:58,0.16419354
,,,,,,1/9/2023 15:06,0.13516127
,,,,,,1/9/2023 15:41,0.18967742
,,,,,,1/9/2023 15:48,0.14967743
,,,,,,1/9/2023 15:55,0.15903226
,,,,,,1/9/2023 16:02,0.1183871
,,,,,,1/9/2023 16:16,0.23161289
,,,,,,1/9/2023 16:23,0.1335484
,,,,,,1/9/2023 16:30,0.16741937
,,,,,,1/9/2023 16:37,0.1748387
,,,,,,1/9/2023 16:44,0.112903215
,,,,,,1/9/2023 16:52,0.14903225
,,,,,,1/9/2023 17:55,0.15548387
,,,,,,1/9/2023 18:02,0.14225806
,,,,,,1/9/2023 18:09,0.12774193
,,,,,,1/9/2023 18:16,0.14451614
,,,,,,1/9/2023 18:23,0.15258065
,,,,,,1/9/2023 18:30,0.15870968
,,,,,,1/9/2023 18:38,0.15193549
,,,,,,1/9/2023 18:45,0.17806451
,,,,,,1/9/2023 18:52,0.15935485
,,,,,,1/9/2023 18:59,0.15774193
,,,,,,1/9/2023 19:06,0.17258063
,,,,,,1/9/2023 19:13,0.15
,,,,,,1/9/2023 19:20,0.13903224
,,,,,,1/9/2023 19:27,0.15451613
,,,,,,1/9/2023 19:41,0.17032258
,,,,,,1/9/2023 19:48,0.17548387
,,,,,,1/9/2023 19:55,0.17806453
,,,,,,1/9/2023 20:02,0.14387095
,,,,,,1/9/2023 20:09,0.18451613
,,,,,,1/9/2023 20:16,0.1464516
,,,,,,1/9/2023 20:24,0.19806454
,,,,,,1/9/2023 20:31,0.15258065
,,,,,,1/9/2023 20:38,0.1167742
,,,,,,1/9/2023 20:52,0.16580644
,,,,,,1/9/2023 20:59,0.12032257
,,,,,,1/9/2023 21:06,0.18387096
,,,,,,1/9/2023 21:20,0.16483872
,,,,,,1/9/2023 21:27,0.13387096
,,,,,,1/9/2023 21:34,0.13903226
,,,,,,1/9/2023 21:41,0.20483871
,,,,,,1/9/2023 21:48,0.13548386
,,,,,,1/9/2023 22:03,0.13580644
,,,,,,1/9/2023 22:10,0.15290323
,,,,,,1/9/2023 22:24,0.15903226
,,,,,,1/9/2023 22:31,0.14903226
,,,,,,1/9/2023 22:38,0.16225807
,,,,,,1/9/2023 22:45,0.17935485
,,,,,,1/9/2023 22:52,0.1983871
,,,,,,1/9/2023 22:59,0.15258065
,,,,,,1/9/2023 23:06,0.20870967
,,,,,,1/9/2023 23:20,0.17419355
,,,,,,1/9/2023 23:27,0.1467742
,,,,,,1/9/2023 23:34,0.22032258
,,,,,,1/9/2023 23:41,0.18645161
,,,,,,1/9/2023 23:49,0.16483872
,,,,,,1/9/2023 23:56,0.20064516
,,,,,,2/9/2023 0:03,0.18935485
,,,,,,2/9/2023 0:10,0.17419356
,,,,,,2/9/2023 0:17,0.16096774
,,,,,,2/9/2023 0:31,0.18193547
,,,,,,2/9/2023 0:38,0.13193549
,,,,,,2/9/2023 0:45,0.16645162
,,,,,,2/9/2023 0:52,0.15161291
,,,,,,2/9/2023 1:13,0.15870968
,,,,,,2/9/2023 1:20,0.16483872
,,,,,,2/9/2023 1:28,0.1383871
,,,,,,2/9/2023 1:49,0.13774194
,,,,,,2/9/2023 1:56,0.18580645
,,,,,,2/9/2023 2:03,0.14193548
,,,,,,2/9/2023 2:10,0.21774192
,,,,,,2/9/2023 2:17,0.13677418
,,,,,,2/9/2023 2:24,0.19645162
,,,,,,2/9/2023 2:38,0.18129033
,,,,,,2/9/2023 2:45,0.19225806
,,,,,,2/9/2023 2:52,0.19258064
,,,,,,2/9/2023 3:00,0.15451613
,,,,,,2/9/2023 3:14,0.1416129
,,,,,,2/9/2023 3:21,0.20387097
,,,,,,2/9/2023 3:28,0.1183871
,,,,,,2/9/2023 3:35,0.15096773
,,,,,,2/9/2023 3:49,0.16580644
,,,,,,2/9/2023 3:56,0.1951613
,,,,,,2/9/2023 4:03,0.17225805
,,,,,,2/9/2023 4:10,0.14935485
,,,,,,2/9/2023 4:17,0.16516128
,,,,,,2/9/2023 4:24,0.17774193
,,,,,,2/9/2023 4:32,0.13387096
,,,,,,2/9/2023 4:39,0.16290322
,,,,,,2/9/2023 4:46,0.12741935
,,,,,,2/9/2023 4:53,0.14677419
,,,,,,2/9/2023 5:00,0.14580646
,,,,,,2/9/2023 5:07,0.13612902
,,,,,,2/9/2023 5:14,0.16677418
,,,,,,2/9/2023 5:21,0.18096775
,,,,,,2/9/2023 5:28,0.1387097
,,,,,,2/9/2023 5:35,0.17225806
,,,,,,2/9/2023 5:42,0.1696774
,,,,,,2/9/2023 5:49,0.19612904
,,,,,,2/9/2023 5:56,0.19000001
,,,,,,2/9/2023 6:04,0.16354838
,,,,,,2/9/2023 6:11,0.1483871
,,,,,,2/9/2023 6:18,0.17935483
,,,,,,2/9/2023 6:25,0.17999999
,,,,,,2/9/2023 6:32,0.13903226
,,,,,,2/9/2023 6:39,0.17354839
,,,,,,2/9/2023 6:46,0.15129033
,,,,,,2/9/2023 6:53,0.19548388
,,,,,,2/9/2023 7:00,0.13193549
,,,,,,2/9/2023 7:07,0.15161291
,,,,,,2/9/2023 7:14,0.14774193
,,,,,,2/9/2023 7:29,0.16096774
,,,,,,2/9/2023 7:36,0.17193548
,,,,,,2/9/2023 7:50,0.18774195
,,,,,,2/9/2023 7:57,0.19096775
,,,,,,2/9/2023 8:04,0.16064516
,,,,,,2/9/2023 8:11,0.17290322
,,,,,,2/9/2023 8:18,0.16
,,,,,,2/9/2023 8:25,0.16258064
,,,,,,2/9/2023 8:32,0.15516129
,,,,,,2/9/2023 8:39,0.17645161
,,,,,,2/9/2023 8:46,0.1680645
,,,,,,2/9/2023 8:53,0.17129031
,,,,,,2/9/2023 9:01,0.19903226
,,,,,,2/9/2023 9:15,0.18387096
,,,,,,2/9/2023 9:22,0.19548388
,,,,,,2/9/2023 9:29,0.14032258
,,,,,,2/9/2023 9:43,0.16709676
,,,,,,2/9/2023 9:57,0.16129032
,,,,,,2/9/2023 10:04,0.1732258
,,,,,,2/9/2023 10:54,0.12774193
,,,,,,2/9/2023 11:01,0.16870968
,,,,,,2/9/2023 11:08,0.20967743
,,,,,,2/9/2023 11:15,0.17741935
,,,,,,2/9/2023 11:22,0.15774193
,,,,,,2/9/2023 11:29,0.18096775
,,,,,,2/9/2023 11:36,0.16096774
,,,,,,2/9/2023 11:43,0.16354838
,,,,,,2/9/2023 11:50,0.1816129
,,,,,,2/9/2023 11:57,0.13580646
,,,,,,2/9/2023 12:04,0.20129032
,,,,,,2/9/2023 12:11,0.15483871
,,,,,,2/9/2023 12:19,0.15161291
,,,,,,2/9/2023 12:33,0.13225807
,,,,,,2/9/2023 12:40,0.18483873
,,,,,,2/9/2023 12:54,0.16548386
,,,,,,2/9/2023 13:08,0.15290321
,,,,,,2/9/2023 13:36,0.14548388
,,,,,,2/9/2023 13:58,0.15354839
,,,,,,2/9/2023 14:05,0.16580644
,,,,,,2/9/2023 14:19,0.14
,,,,,,2/9/2023 14:26,0.21193549
,,,,,,2/9/2023 14:33,0.17258066
,,,,,,2/9/2023 14:40,0.17774193
,,,,,,2/9/2023 14:47,0.20032258
,,,,,,2/9/2023 14:54,0.16903225
,,,,,,2/9/2023 15:01,0.12967741
,,,,,,2/9/2023 15:08,0.16516128
,,,,,,2/9/2023 15:29,0.14096774
,,,,,,2/9/2023 15:37,0.15967742
,,,,,,2/9/2023 15:44,0.17290321
,,,,,,2/9/2023 15:51,0.1432258
,,,,,,2/9/2023 16:05,0.14645162
,,,,,,2/9/2023 16:12,0.13258064
,,,,,,2/9/2023 16:19,0.18451612
,,,,,,2/9/2023 16:26,0.19806452
,,,,,,2/9/2023 16:33,0.1951613
,,,,,,2/9/2023 16:40,0.18225807
,,,,,,2/9/2023 16:47,0.14290322
,,,,,,2/9/2023 16:54,0.19096774
,,,,,,2/9/2023 17:01,0.1919355
,,,,,,2/9/2023 17:08,0.15967742
,,,,,,2/9/2023 17:15,0.1816129
,,,,,,2/9/2023 17:22,0.17258064
,,,,,,2/9/2023 17:30,0.14612904
,,,,,,2/9/2023 17:37,0.18258065
,,,,,,2/9/2023 17:44,0.14193548
,,,,,,2/9/2023 17:51,0.13806452
,,,,,,2/9/2023 17:58,0.16032259
,,,,,,2/9/2023 18:05,0.17258063
,,,,,,2/9/2023 18:12,0.14870968
,,,,,,2/9/2023 18:19,0.15548387
,,,,,,2/9/2023 18:33,0.19806452
,,,,,,2/9/2023 18:47,0.18129031
,,,,,,2/9/2023 18:54,0.15258065
,,,,,,2/9/2023 19:01,0.20096774
,,,,,,2/9/2023 19:09,0.18838711
,,,,,,2/9/2023 19:16,0.16903225
,,,,,,2/9/2023 19:23,0.16193548
,,,,,,2/9/2023 19:30,0.14129034
,,,,,,2/9/2023 19:37,0.17935483
,,,,,,2/9/2023 19:44,0.16935483
,,,,,,2/9/2023 19:51,0.16225806
,,,,,,2/9/2023 20:05,0.18258065
,,,,,,2/9/2023 20:12,0.18870968
,,,,,,2/9/2023 20:19,0.14129032
,,,,,,2/9/2023 20:26,0.18290323
,,,,,,2/9/2023 20:33,0.13258065
,,,,,,2/9/2023 20:40,0.14612903
,,,,,,2/9/2023 20:47,0.15064517
,,,,,,2/9/2023 20:54,0.14548388
,,,,,,2/9/2023 21:02,0.18645161
,,,,,,2/9/2023 21:16,0.16612902
,,,,,,2/9/2023 21:23,0.14322582
,,,,,,2/9/2023 21:30,0.17129032
,,,,,,2/9/2023 21:37,0.15612903
,,,,,,2/9/2023 21:44,0.12709677
,,,,,,2/9/2023 21:51,0.18032259
,,,,,,2/9/2023 21:58,0.16870967
,,,,,,2/9/2023 22:05,0.18354838
,,,,,,2/9/2023 22:12,0.17096774
,,,,,,2/9/2023 22:19,0.16129032
,,,,,,2/9/2023 22:26,0.20548387
,,,,,,2/9/2023 22:33,0.13774194
,,,,,,2/9/2023 22:40,0.15064517
,,,,,,2/9/2023 22:48,0.17354839
,,,,,,2/9/2023 22:55,0.15096775
,,,,,,2/9/2023 23:02,0.14709678
,,,,,,2/9/2023 23:09,0.1716129
,,,,,,2/9/2023 23:16,0.17870967
,,,,,,2/9/2023 23:23,0.16354838
,,,,,,2/9/2023 23:30,0.16516128
,,,,,,2/9/2023 23:37,0.1532258
,,,,,,2/9/2023 23:44,0.14193548
,,,,,,2/9/2023 23:51,0.17161289
,,,,,,2/9/2023 23:59,0.15903226
,,,,,,3/9/2023 0:13,0.16064517
,,,,,,3/9/2023 0:20,0.1380645
,,,,,,3/9/2023 0:27,0.21741934
,,,,,,3/9/2023 0:34,0.12967743
,,,,,,3/9/2023 0:41,0.22548385
,,,,,,3/9/2023 0:48,0.17612901
,,,,,,3/9/2023 0:55,0.124193534
,,,,,,3/9/2023 1:02,0.18677418
,,,,,,3/9/2023 1:09,0.14870967
,,,,,,3/9/2023 1:16,0.18451613
,,,,,,3/9/2023 1:23,0.13354838
,,,,,,3/9/2023 1:30,0.18999998
,,,,,,3/9/2023 1:38,0.14774194
,,,,,,3/9/2023 1:45,0.19516128
,,,,,,3/9/2023 1:52,0.16290323
,,,,,,3/9/2023 1:59,0.15354839
,,,,,,3/9/2023 2:06,0.19225807
,,,,,,3/9/2023 2:20,0.14967743
,,,,,,3/9/2023 2:34,0.15129033
,,,,,,3/9/2023 2:41,0.14096774
,,,,,,3/9/2023 2:48,0.18290322
,,,,,,3/9/2023 2:55,0.12870967
,,,,,,3/9/2023 3:03,0.17580645
,,,,,,3/9/2023 3:10,0.14967741
,,,,,,3/9/2023 3:17,0.19161291
,,,,,,3/9/2023 3:24,0.13064517
,,,,,,3/9/2023 3:31,0.13870968
,,,,,,3/9/2023 3:38,0.13774194
,,,,,,3/9/2023 3:45,0.16935484
,,,,,,3/9/2023 3:52,0.16935483
,,,,,,3/9/2023 3:59,0.16645162
,,,,,,3/9/2023 4:06,0.16258064
,,,,,,3/9/2023 4:13,0.21258065
,,,,,,3/9/2023 4:20,0.13516128
,,,,,,3/9/2023 4:27,0.15129033
,,,,,,3/9/2023 4:34,0.17290322
,,,,,,3/9/2023 4:42,0.14645162
,,,,,,3/9/2023 4:49,0.14032258
,,,,,,3/9/2023 4:56,0.15225807
,,,,,,3/9/2023 5:03,0.14258066
,,,,,,3/9/2023 5:10,0.17354839
,,,,,,3/9/2023 5:17,0.17290321
,,,,,,3/9/2023 5:24,0.19645162
,,,,,,3/9/2023 5:31,0.1383871
,,,,,,3/9/2023 5:38,0.17999999
,,,,,,3/9/2023 5:45,0.19967742
,,,,,,3/9/2023 5:52,0.1483871
,,,,,,3/9/2023 5:59,0.1696774
,,,,,,3/9/2023 6:06,0.17193547
,,,,,,3/9/2023 6:14,0.17677417
,,,,,,3/9/2023 6:21,0.17935485
,,,,,,3/9/2023 6:28,0.16451612
,,,,,,3/9/2023 6:35,0.12193549
,,,,,,3/9/2023 6:42,0.20354839
,,,,,,3/9/2023 6:49,0.1451613
,,,,,,3/9/2023 6:56,0.15129031
,,,,,,3/9/2023 7:03,0.15258065
,,,,,,3/9/2023 7:10,0.19161291
,,,,,,3/9/2023 7:17,0.20290323
,,,,,,3/9/2023 7:24,0.19096772
,,,,,,3/9/2023 7:31,0.16064516
,,,,,,3/9/2023 7:38,0.21032257
,,,,,,3/9/2023 7:45,0.11774194
,,,,,,3/9/2023 7:53,0.16741934
,,,,,,3/9/2023 8:00,0.17967741
,,,,,,3/9/2023 8:14,0.21
,,,,,,3/9/2023 8:21,0.13129032
,,,,,,3/9/2023 8:28,0.15290323
,,,,,,3/9/2023 8:35,0.16354838
,,,,,,3/9/2023 8:42,0.18548389
,,,,,,3/9/2023 8:49,0.18838708
,,,,,,3/9/2023 8:56,0.14870968
,,,,,,3/9/2023 9:03,0.18129031
,,,,,,3/9/2023 9:10,0.12548387
,,,,,,3/9/2023 9:17,0.18096773
,,,,,,3/9/2023 9:25,0.1483871
,,,,,,3/9/2023 9:32,0.13967742
,,,,,,3/9/2023 9:39,0.16419354
,,,,,,3/9/2023 9:46,0.17903225
,,,,,,3/9/2023 9:53,0.14967743
,,,,,,3/9/2023 10:00,0.114193544
,,,,,,3/9/2023 10:07,0.19806452
,,,,,,3/9/2023 10:14,0.12483871
,,,,,,3/9/2023 10:21,0.17774191
,,,,,,3/9/2023 10:28,0.1264516
,,,,,,3/9/2023 10:35,0.19612904
,,,,,,3/9/2023 10:42,0.1680645
,,,,,,3/9/2023 10:50,0.18193549
,,,,,,3/9/2023 10:57,0.16580647
,,,,,,3/9/2023 11:04,0.14580646
,,,,,,3/9/2023 11:11,0.17096773
,,,,,,3/9/2023 11:25,0.15903226
,,,,,,3/9/2023 11:32,0.12870967
,,,,,,3/9/2023 11:39,0.15548387
,,,,,,3/9/2023 11:46,0.17774194
,,,,,,3/9/2023 11:53,0.12935485
,,,,,,3/9/2023 12:00,0.15774193
,,,,,,3/9/2023 12:07,0.13548388
,,,,,,3/9/2023 12:15,0.16354838
,,,,,,3/9/2023 12:22,0.14032257
,,,,,,3/9/2023 12:29,0.1483871
,,,,,,3/9/2023 12:36,0.17709678
,,,,,,3/9/2023 12:43,0.12709677
,,,,,,3/9/2023 12:50,0.120967746
,,,,,,3/9/2023 12:57,0.13354841
,,,,,,3/9/2023 13:04,0.17741936
,,,,,,3/9/2023 13:11,0.14290322
,,,,,,3/9/2023 13:18,0.13548386
,,,,,,3/9/2023 13:25,0.1651613
,,,,,,3/9/2023 13:32,0.1748387
,,,,,,3/9/2023 13:46,0.18354838
,,,,,,3/9/2023 13:54,0.15193547
,,,,,,3/9/2023 14:01,0.12258065
,,,,,,3/9/2023 14:08,0.19193548
,,,,,,3/9/2023 14:15,0.15419355
,,,,,,3/9/2023 14:22,0.12709677
,,,,,,3/9/2023 14:36,0.12806451
,,,,,,3/9/2023 14:43,0.1967742
,,,,,,3/9/2023 14:50,0.16903226
,,,,,,3/9/2023 14:57,0.14322582
,,,,,,3/9/2023 15:04,0.14516129
,,,,,,3/9/2023 15:11,0.17645161
,,,,,,3/9/2023 15:18,0.18419354
,,,,,,3/9/2023 15:25,0.13935484
,,,,,,3/9/2023 15:33,0.13903226
,,,,,,3/9/2023 15:40,0.1435484
,,,,,,3/9/2023 15:47,0.16322581
,,,,,,3/9/2023 16:01,0.16225807
,,,,,,3/9/2023 16:08,0.10677419
,,,,,,3/9/2023 16:15,0.15354839
,,,,,,3/9/2023 16:22,0.12548387
,,,,,,3/9/2023 16:29,0.18451613
,,,,,,3/9/2023 16:36,0.21419355
,,,,,,3/9/2023 16:43,0.1848387
,,,,,,3/9/2023 16:50,0.16096774
,,,,,,3/9/2023 16:57,0.1616129
,,,,,,3/9/2023 17:05,0.16290322
,,,,,,3/9/2023 17:12,0.19064517
,,,,,,3/9/2023 17:19,0.17935483
,,,,,,3/9/2023 17:26,0.17419355
,,,,,,3/9/2023 17:33,0.17999999
,,,,,,3/9/2023 17:40,0.19258064
,,,,,,3/9/2023 17:47,0.1483871
,,,,,,3/9/2023 17:54,0.15935484
,,,,,,3/9/2023 18:01,0.16451614
,,,,,,3/9/2023 18:15,0.23258063
,,,,,,3/9/2023 18:22,0.21548387
,,,,,,3/9/2023 18:29,0.1632258
,,,,,,3/9/2023 18:36,0.17032257
,,,,,,3/9/2023 18:43,0.12677419
,,,,,,3/9/2023 18:51,0.16612905
,,,,,,3/9/2023 18:58,0.14096774
,,,,,,3/9/2023 19:05,0.15870968
,,,,,,3/9/2023 19:26,0.14935485
,,,,,,3/9/2023 19:33,0.17322579
,,,,,,3/9/2023 19:40,0.15645161
,,,,,,3/9/2023 19:47,0.17870967
,,,,,,3/9/2023 19:54,0.20258065
,,,,,,3/9/2023 20:01,0.17387097
,,,,,,3/9/2023 20:08,0.17290321
,,,,,,3/9/2023 20:15,0.16387096
,,,,,,3/9/2023 20:22,0.17419355
,,,,,,3/9/2023 20:30,0.17419355
,,,,,,3/9/2023 20:37,0.19290322
,,,,,,3/9/2023 20:44,0.19741936
,,,,,,3/9/2023 20:51,0.1419355
,,,,,,3/9/2023 20:58,0.18741935
,,,,,,3/9/2023 21:05,0.13967742
,,,,,,3/9/2023 21:12,0.16709676
,,,,,,3/9/2023 21:19,0.16096774
,,,,,,3/9/2023 21:26,0.16451612
,,,,,,3/9/2023 21:33,0.13322581
,,,,,,3/9/2023 21:40,0.16709678
,,,,,,3/9/2023 21:47,0.13677418
,,,,,,3/9/2023 21:54,0.16548388
,,,,,,3/9/2023 22:01,0.18645161
,,,,,,3/9/2023 22:16,0.16677418
,,,,,,3/9/2023 22:23,0.1919355
,,,,,,3/9/2023 22:44,0.17193547
,,,,,,3/9/2023 22:51,0.1632258
,,,,,,3/9/2023 22:58,0.15129033
,,,,,,3/9/2023 23:05,0.18225807
,,,,,,3/9/2023 23:12,0.18032257
,,,,,,3/9/2023 23:19,0.17419355
,,,,,,3/9/2023 23:26,0.17032258
,,,,,,3/9/2023 23:33,0.16064516
,,,,,,3/9/2023 23:41,0.17225805
,,,,,,3/9/2023 23:48,0.17677419
,,,,,,3/9/2023 23:55,0.13580646
,,,,,,4/9/2023 0:02,0.19870968
,,,,,,4/9/2023 0:09,0.15064518
,,,,,,4/9/2023 0:16,0.18516128
,,,,,,4/9/2023 0:30,0.13354838
,,,,,,4/9/2023 0:37,0.15290323
,,,,,,4/9/2023 0:52,0.16612905
,,,,,,4/9/2023 0:59,0.23354837
,,,,,,4/9/2023 1:06,0.21903226
,,,,,,4/9/2023 1:13,0.18064517
,,,,,,4/9/2023 1:20,0.15741935
,,,,,,4/9/2023 1:27,0.19290322
,,,,,,4/9/2023 1:34,0.18967742
,,,,,,4/9/2023 1:41,0.16
,,,,,,4/9/2023 1:48,0.15483871
,,,,,,4/9/2023 1:55,0.20387097
,,,,,,4/9/2023 2:02,0.16580646
,,,,,,4/9/2023 2:09,0.15193549
,,,,,,4/9/2023 2:16,0.120322585
,,,,,,4/9/2023 2:24,0.11870968
,,,,,,4/9/2023 2:31,0.16
,,,,,,4/9/2023 2:38,0.1980645
,,,,,,4/9/2023 2:45,0.14290324
,,,,,,4/9/2023 2:52,0.18612903
,,,,,,4/9/2023 2:59,0.15096775
,,,,,,4/9/2023 3:06,0.17451611
,,,,,,4/9/2023 3:13,0.17741935
,,,,,,4/9/2023 3:20,0.13032258
,,,,,,4/9/2023 3:27,0.15064517
,,,,,,4/9/2023 3:34,0.17967743
,,,,,,4/9/2023 3:41,0.20483871
,,,,,,4/9/2023 3:48,0.18612903
,,,,,,4/9/2023 3:55,0.19967742
,,,,,,4/9/2023 4:03,0.18193549
,,,,,,4/9/2023 4:10,0.19
,,,,,,4/9/2023 4:17,0.16548386
,,,,,,4/9/2023 4:24,0.13387099
,,,,,,4/9/2023 4:31,0.13774194
,,,,,,4/9/2023 4:38,0.17483869
,,,,,,4/9/2023 4:45,0.13419355
,,,,,,4/9/2023 4:52,0.17870967
,,,,,,4/9/2023 4:59,0.14967743
,,,,,,4/9/2023 5:06,0.12709679
,,,,,,4/9/2023 5:13,0.17225806
,,,,,,4/9/2023 5:20,0.15741935
,,,,,,4/9/2023 5:27,0.12741935
,,,,,,4/9/2023 5:35,0.15419355
,,,,,,4/9/2023 5:42,0.11935483
,,,,,,4/9/2023 5:49,0.14161292
,,,,,,4/9/2023 5:56,0.16064516
,,,,,,4/9/2023 6:03,0.16032258
,,,,,,4/9/2023 6:10,0.17774193
,,,,,,4/9/2023 6:17,0.15580645
,,,,,,4/9/2023 6:24,0.15645161
,,,,,,4/9/2023 6:31,0.14645162
,,,,,,4/9/2023 6:38,0.13064517
,,,,,,4/9/2023 6:45,0.15612903
,,,,,,4/9/2023 6:52,0.16935486
,,,,,,4/9/2023 6:59,0.13032259
,,,,,,4/9/2023 7:07,0.20806451
,,,,,,4/9/2023 7:14,0.17096774
,,,,,,4/9/2023 7:21,0.13032259
,,,,,,4/9/2023 7:28,0.1351613
,,,,,,4/9/2023 7:35,0.22838707
,,,,,,4/9/2023 7:42,0.16225806
,,,,,,4/9/2023 7:49,0.16709678
,,,,,,4/9/2023 7:56,0.15225808
,,,,,,4/9/2023 8:03,0.1932258
,,,,,,4/9/2023 8:17,0.17032257
,,,,,,4/9/2023 8:24,0.12161291
,,,,,,4/9/2023 8:31,0.16612902
,,,,,,4/9/2023 8:53,0.15645161
,,,,,,4/9/2023 9:00,0.13225807
,,,,,,4/9/2023 9:07,0.15870968
,,,,,,4/9/2023 9:14,0.16064516
,,,,,,4/9/2023 9:21,0.20161292
,,,,,,4/9/2023 9:28,0.11161289
,,,,,,4/9/2023 9:35,0.17774193
,,,,,,4/9/2023 9:42,0.17903227
,,,,,,4/9/2023 9:49,0.19419354
,,,,,,4/9/2023 9:56,0.20129034
,,,,,,4/9/2023 10:03,0.1467742
,,,,,,4/9/2023 10:10,0.18806452
,,,,,,4/9/2023 10:17,0.14870967
,,,,,,4/9/2023 10:25,0.16419354
,,,,,,4/9/2023 10:32,0.19870968
,,,,,,4/9/2023 10:46,0.2148387
,,,,,,4/9/2023 11:00,0.18419354
,,,,,,4/9/2023 11:14,0.18838711
,,,,,,4/9/2023 11:21,0.15322581
,,,,,,4/9/2023 11:42,0.14290324
,,,,,,4/9/2023 12:25,0.1416129
,,,,,,4/9/2023 12:39,0.18709677
,,,,,,4/9/2023 13:00,0.21193548
,,,,,,4/9/2023 13:07,0.19193548
,,,,,,4/9/2023 13:14,0.15354839
,,,,,,4/9/2023 13:21,0.16129032
,,,,,,4/9/2023 13:49,0.17516127
,,,,,,4/9/2023 13:57,0.18387097
,,,,,,4/9/2023 14:04,0.18612902
,,,,,,4/9/2023 14:11,0.18709677
,,,,,,4/9/2023 14:25,0.12580645
,,,,,,4/9/2023 14:32,0.1851613
,,,,,,4/9/2023 14:39,0.1696774
,,,,,,4/9/2023 14:46,0.19129032
,,,,,,4/9/2023 15:00,0.14967743
,,,,,,4/9/2023 15:07,0.16322581
,,,,,,4/9/2023 15:14,0.16193548
,,,,,,4/9/2023 15:21,0.17129032
,,,,,,4/9/2023 15:36,0.19032258
,,,,,,4/9/2023 15:57,0.16999999
,,,,,,4/9/2023 16:25,0.17129032
,,,,,,4/9/2023 16:32,0.20290323
,,,,,,4/9/2023 16:39,0.19967744
,,,,,,4/9/2023 17:00,0.16935483
,,,,,,4/9/2023 17:29,0.15322581
,,,,,,4/9/2023 18:04,0.18354838
,,,,,,4/9/2023 18:11,0.17
,,,,,,4/9/2023 18:25,0.12903225
,,,,,,4/9/2023 18:39,0.16354838
,,,,,,4/9/2023 18:46,0.17645161
,,,,,,4/9/2023 18:54,0.16129032
,,,,,,4/9/2023 19:43,0.15967742
,,,,,,4/9/2023 19:50,0.17129032
,,,,,,4/9/2023 19:57,0.14838707
,,,,,,4/9/2023 20:04,0.18096775
,,,,,,4/9/2023 20:11,0.18096775
,,,,,,4/9/2023 20:32,0.17387097
,,,,,,4/9/2023 20:40,0.12225807
,,,,,,4/9/2023 20:47,0.15129033
,,,,,,4/9/2023 20:54,0.13612902
,,,,,,4/9/2023 21:01,0.18838711
,,,,,,4/9/2023 21:08,0.14225806
,,,,,,4/9/2023 21:15,0.1783871
,,,,,,4/9/2023 21:22,0.13838708
,,,,,,4/9/2023 21:29,0.18903224
,,,,,,4/9/2023 21:36,0.15741935
,,,,,,4/9/2023 21:43,0.17580645
,,,,,,4/9/2023 21:50,0.17516127
,,,,,,4/9/2023 22:04,0.16290322
,,,,,,4/9/2023 22:11,0.14096776
,,,,,,4/9/2023 22:19,0.17741935
,,,,,,4/9/2023 22:33,0.19225803
,,,,,,4/9/2023 22:40,0.21774192
,,,,,,4/9/2023 22:47,0.2
,,,,,,4/9/2023 22:54,0.1664516
,,,,,,4/9/2023 23:01,0.13774195
,,,,,,4/9/2023 23:15,0.20129032
,,,,,,4/9/2023 23:22,0.14580643
,,,,,,4/9/2023 23:29,0.15709677
,,,,,,4/9/2023 23:36,0.15322581
,,,,,,4/9/2023 23:43,0.1816129
,,,,,,4/9/2023 23:50,0.13516131
,,,,,,5/9/2023 0:05,0.18645161
,,,,,,5/9/2023 0:12,0.15354839
,,,,,,5/9/2023 0:19,0.17419355
,,,,,,5/9/2023 0:26,0.1419355
,,,,,,5/9/2023 0:33,0.15064517
,,,,,,5/9/2023 0:40,0.14741936
,,,,,,5/9/2023 0:47,0.13258065
,,,,,,5/9/2023 0:54,0.18967743
,,,,,,5/9/2023 1:01,0.16129032
,,,,,,5/9/2023 1:08,0.19387098
,,,,,,5/9/2023 1:15,0.18225807
,,,,,,5/9/2023 1:22,0.15032259
,,,,,,5/9/2023 1:29,0.17387097
,,,,,,5/9/2023 1:37,0.14838709
,,,,,,5/9/2023 1:44,0.16129032
,,,,,,5/9/2023 1:51,0.17709675
,,,,,,5/9/2023 1:58,0.1632258
,,,,,,5/9/2023 2:05,0.14064518
,,,,,,5/9/2023 2:12,0.1416129
,,,,,,5/9/2023 2:19,0.18032257
,,,,,,5/9/2023 2:26,0.13903224
,,,,,,5/9/2023 2:33,0.16645162
,,,,,,5/9/2023 2:40,0.18032259
,,,,,,5/9/2023 2:47,0.13999999
,,,,,,5/9/2023 2:54,0.13354838
,,,,,,5/9/2023 3:01,0.13354838
,,,,,,5/9/2023 3:08,0.12677419
,,,,,,5/9/2023 3:16,0.20387097
,,,,,,5/9/2023 3:23,0.15258065
,,,,,,5/9/2023 3:30,0.15354839
,,,,,,5/9/2023 3:37,0.1267742
,,,,,,5/9/2023 3:44,0.18354839
,,,,,,5/9/2023 3:51,0.13
,,,,,,5/9/2023 3:58,0.13451612
,,,,,,5/9/2023 4:05,0.12548387
,,,,,,5/9/2023 4:12,0.17419356
,,,,,,5/9/2023 4:19,0.18999998
,,,,,,5/9/2023 4:26,0.17774194
,,,,,,5/9/2023 4:33,0.16290322
,,,,,,5/9/2023 4:40,0.13870966
,,,,,,5/9/2023 4:48,0.12064515
,,,,,,5/9/2023 4:55,0.21258064
,,,,,,5/9/2023 5:02,0.18580644
,,,,,,5/9/2023 5:09,0.1680645
,,,,,,5/9/2023 5:16,0.20064516
,,,,,,5/9/2023 5:23,0.12548387
,,,,,,5/9/2023 5:30,0.1467742
,,,,,,5/9/2023 5:37,0.20354839
,,,,,,5/9/2023 5:44,0.13741936
,,,,,,5/9/2023 5:51,0.14935485
,,,,,,5/9/2023 5:58,0.18032257
,,,,,,5/9/2023 6:05,0.17258063
,,,,,,5/9/2023 6:12,0.18064515
,,,,,,5/9/2023 6:19,0.13032259
,,,,,,5/9/2023 6:27,0.20935483
,,,,,,5/9/2023 6:34,0.13387096
,,,,,,5/9/2023 6:41,0.15096773
,,,,,,5/9/2023 6:48,0.15290323
,,,,,,5/9/2023 6:55,0.1696774
,,,,,,5/9/2023 7:02,0.16548386
,,,,,,5/9/2023 7:09,0.1851613
,,,,,,5/9/2023 7:30,0.14000002
,,,,,,5/9/2023 7:37,0.14870968
,,,,,,5/9/2023 7:44,0.14677419
,,,,,,5/9/2023 7:51,0.17967743
,,,,,,5/9/2023 7:59,0.1367742
,,,,,,5/9/2023 8:06,0.1616129
,,,,,,5/9/2023 8:13,0.17548387
,,,,,,5/9/2023 8:41,0.15419355
,,,,,,5/9/2023 8:48,0.14354838
,,,,,,5/9/2023 8:55,0.18870968
,,,,,,5/9/2023 9:02,0.1851613
,,,,,,5/9/2023 9:09,0.14064516
,,,,,,5/9/2023 9:16,0.17612904
,,,,,,5/9/2023 9:23,0.19322582
,,,,,,5/9/2023 9:30,0.16387098
,,,,,,5/9/2023 9:38,0.20354839
,,,,,,5/9/2023 9:45,0.18612903
,,,,,,5/9/2023 9:52,0.22935483
,,,,,,5/9/2023 9:59,0.18483871
,,,,,,5/9/2023 10:06,0.15225805
,,,,,,5/9/2023 10:13,0.15387097
,,,,,,5/9/2023 10:20,0.14129034
,,,,,,5/9/2023 10:27,0.1432258
,,,,,,5/9/2023 10:34,0.14838709
,,,,,,5/9/2023 10:41,0.20548387
,,,,,,5/9/2023 10:48,0.1296774
,,,,,,5/9/2023 10:55,0.18516131
,,,,,,5/9/2023 11:02,0.12193549
,,,,,,5/9/2023 11:09,0.14741936
,,,,,,5/9/2023 11:16,0.2
,,,,,,5/9/2023 11:31,0.13387097
,,,,,,5/9/2023 11:38,0.21870966
,,,,,,5/9/2023 11:52,0.12387097
,,,,,,5/9/2023 11:59,0.15548387
,,,,,,5/9/2023 12:06,0.12225805
,,,,,,5/9/2023 12:20,0.13225807
,,,,,,5/9/2023 12:27,0.14935485
,,,,,,5/9/2023 12:34,0.15645161
,,,,,,5/9/2023 12:41,0.16774192
,,,,,,5/9/2023 12:48,0.14451613
,,,,,,5/9/2023 12:55,0.13129032
,,,,,,5/9/2023 13:03,0.17612903
,,,,,,5/9/2023 13:10,0.17
,,,,,,5/9/2023 13:24,0.16
,,,,,,5/9/2023 13:38,0.15290323
,,,,,,5/9/2023 13:45,0.18096775
,,,,,,5/9/2023 14:20,0.18806453
,,,,,,5/9/2023 14:34,0.14774194
,,,,,,5/9/2023 15:03,0.18612903
,,,,,,5/9/2023 15:17,0.15322581
,,,,,,5/9/2023 15:24,0.17290321
,,,,,,5/9/2023 15:31,0.18548387
,,,,,,5/9/2023 15:45,0.16774192
,,,,,,5/9/2023 16:28,0.17870967
,,,,,,5/9/2023 16:35,0.16225806
,,,,,,5/9/2023 16:56,0.13193549
,,,,,,5/9/2023 17:03,0.2032258
,,,,,,5/9/2023 17:10,0.11870967
,,,,,,5/9/2023 17:17,0.16935483
,,,,,,5/9/2023 17:24,0.14677419
,,,,,,5/9/2023 17:38,0.13290322
,,,,,,5/9/2023 18:14,0.13032259
,,,,,,5/9/2023 18:21,0.15258065
,,,,,,5/9/2023 18:28,0.16774192
,,,,,,5/9/2023 18:56,0.1396774
,,,,,,5/9/2023 19:17,0.20000002
,,,,,,5/9/2023 19:31,0.18774195
,,,,,,5/9/2023 19:38,0.18258065
,,,,,,5/9/2023 19:45,0.15322581
,,,,,,5/9/2023 19:53,0.15870968
,,,,,,5/9/2023 20:00,0.14387095
,,,,,,5/9/2023 20:07,0.15548387
,,,,,,5/9/2023 20:42,0.12516129
,,,,,,5/9/2023 20:49,0.13387097
,,,,,,5/9/2023 20:56,0.2032258
,,,,,,5/9/2023 21:03,0.19096775
,,,,,,5/9/2023 21:10,0.124838695
,,,,,,5/9/2023 21:17,0.15032259
,,,,,,5/9/2023 21:24,0.12193547
,,,,,,5/9/2023 21:32,0.13064516
,,,,,,5/9/2023 21:39,0.1451613
,,,,,,5/9/2023 21:46,0.12580645
,,,,,,5/9/2023 22:00,0.14741936
,,,,,,5/9/2023 22:07,0.14903225
,,,,,,5/9/2023 22:14,0.13709678
,,,,,,5/9/2023 22:21,0.12322581
,,,,,,5/9/2023 22:28,0.14548388
,,,,,,5/9/2023 22:35,0.1880645
,,,,,,5/9/2023 22:42,0.1483871
,,,,,,5/9/2023 22:49,0.1464516
,,,,,,5/9/2023 22:56,0.21516128
,,,,,,5/9/2023 23:04,0.15387097
,,,,,,5/9/2023 23:11,0.15806451
,,,,,,5/9/2023 23:18,0.14419356
,,,,,,5/9/2023 23:25,0.20709679
,,,,,,5/9/2023 23:32,0.15354839
,,,,,,5/9/2023 23:39,0.16225806
,,,,,,5/9/2023 23:46,0.12258063
,,,,,,5/9/2023 23:53,0.14419354
,,,,,,6/9/2023 0:07,0.14290324
,,,,,,6/9/2023 0:21,0.12612903
,,,,,,6/9/2023 0:28,0.14483872
,,,,,,6/9/2023 0:35,0.14677419
,,,,,,6/9/2023 0:42,0.112580635
,,,,,,6/9/2023 0:50,0.1435484
,,,,,,6/9/2023 0:57,0.17612903
,,,,,,6/9/2023 1:04,0.13838708
,,,,,,6/9/2023 1:11,0.16225806
,,,,,,6/9/2023 1:18,0.1532258
,,,,,,6/9/2023 1:25,0.16967742
,,,,,,6/9/2023 1:32,0.17032258
,,,,,,6/9/2023 1:39,0.1283871
,,,,,,6/9/2023 1:46,0.19354838
,,,,,,6/9/2023 1:53,0.15870968
,,,,,,6/9/2023 2:00,0.15161291
,,,,,,6/9/2023 2:07,0.21064517
,,,,,,6/9/2023 2:15,0.13838708
,,,,,,6/9/2023 2:22,0.1764516
,,,,,,6/9/2023 2:29,0.17774191
,,,,,,6/9/2023 2:36,0.14064516
,,,,,,6/9/2023 2:43,0.13548388
,,,,,,6/9/2023 2:50,0.14225808
,,,,,,6/9/2023 3:04,0.1929032
,,,,,,6/9/2023 3:11,0.15580645
,,,,,,6/9/2023 3:18,0.14870968
,,,,,,6/9/2023 3:25,0.12935483
,,,,,,6/9/2023 3:32,0.18483871
,,,,,,6/9/2023 3:39,0.14225806
,,,,,,6/9/2023 3:46,0.1435484
,,,,,,6/9/2023 3:54,0.13870968
,,,,,,6/9/2023 4:01,0.16677418
,,,,,,6/9/2023 4:08,0.1819355
,,,,,,6/9/2023 4:15,0.16161291
,,,,,,6/9/2023 4:22,0.18967743
,,,,,,6/9/2023 4:29,0.19548388
,,,,,,6/9/2023 4:36,0.19516128
,,,,,,6/9/2023 4:43,0.14806451
,,,,,,6/9/2023 4:50,0.17645161
,,,,,,6/9/2023 4:57,0.1716129
,,,,,,6/9/2023 5:04,0.14387098
,,,,,,6/9/2023 5:11,0.15935484
,,,,,,6/9/2023 5:18,0.21064517
,,,,,,6/9/2023 5:26,0.1632258
,,,,,,6/9/2023 5:33,0.1432258
,,,,,,6/9/2023 5:40,0.13935484
,,,,,,6/9/2023 5:47,0.13645162
,,,,,,6/9/2023 5:54,0.13290323
,,,,,,6/9/2023 6:01,0.16064516
,,,,,,6/9/2023 6:08,0.1283871
,,,,,,6/9/2023 6:22,0.14935483
,,,,,,6/9/2023 6:29,0.1696774
,,,,,,6/9/2023 6:36,0.12935485
,,,,,,6/9/2023 6:43,0.18225805
,,,,,,6/9/2023 6:51,0.14161292
,,,,,,6/9/2023 6:58,0.18387099
,,,,,,6/9/2023 7:05,0.12354839
,,,,,,6/9/2023 7:19,0.16935483
,,,,,,6/9/2023 7:26,0.14129032
,,,,,,6/9/2023 7:40,0.14290322
,,,,,,6/9/2023 7:47,0.12903225
,,,,,,6/9/2023 7:54,0.16548386
,,,,,,6/9/2023 8:01,0.12903227
,,,,,,6/9/2023 8:08,0.13258064
,,,,,,6/9/2023 8:15,0.16741936
,,,,,,6/9/2023 8:22,0.15548387
,,,,,,6/9/2023 8:30,0.21387096
,,,,,,6/9/2023 8:51,0.18645161
,,,,,,6/9/2023 8:58,0.14064516
,,,,,,6/9/2023 9:05,0.14387098
,,,,,,6/9/2023 9:12,0.18645161
,,,,,,6/9/2023 9:47,0.15935484
,,,,,,6/9/2023 10:01,0.16225806
,,,,,,6/9/2023 10:16,0.13032256
,,,,,,6/9/2023 10:51,0.15645161
,,,,,,6/9/2023 11:26,0.18870969
,,,,,,6/9/2023 11:40,0.16032258
,,,,,,6/9/2023 11:55,0.18032259
,,,,,,6/9/2023 12:02,0.15935484
,,,,,,6/9/2023 12:09,0.13258065
,,,,,,6/9/2023 12:23,0.16064516
,,,,,,6/9/2023 12:30,0.13580646
,,,,,,6/9/2023 12:37,0.1448387
,,,,,,6/9/2023 12:51,0.17709677
,,,,,,6/9/2023 12:58,0.22032256
,,,,,,6/9/2023 13:05,0.2132258
,,,,,,6/9/2023 13:12,0.12193549
,,,,,,6/9/2023 13:19,0.17
,,,,,,6/9/2023 13:26,0.19225807
,,,,,,6/9/2023 13:34,0.15258065
,,,,,,6/9/2023 13:41,0.1619355
,,,,,,6/9/2023 13:48,0.12064515
,,,,,,6/9/2023 13:55,0.20903225
,,,,,,6/9/2023 14:02,0.17064515
,,,,,,6/9/2023 14:09,0.15580645
,,,,,,6/9/2023 14:16,0.17548385
,,,,,,6/9/2023 14:23,0.12580645
,,,,,,6/9/2023 14:37,0.20129032
,,,,,,6/9/2023 14:44,0.17225806
,,,,,,6/9/2023 14:51,0.20419355
,,,,,,6/9/2023 14:58,0.20096774
,,,,,,6/9/2023 15:05,0.12225807
,,,,,,6/9/2023 15:27,0.15258065
,,,,,,6/9/2023 15:34,0.15258065
,,,,,,6/9/2023 15:41,0.15096775
,,,,,,6/9/2023 15:48,0.14645162
,,,,,,6/9/2023 15:55,0.14838709
,,,,,,6/9/2023 16:09,0.16354838
,,,,,,6/9/2023 16:16,0.15354839
,,,,,,6/9/2023 16:23,0.16290323
,,,,,,6/9/2023 16:30,0.12935485
,,,,,,6/9/2023 16:37,0.1664516
,,,,,,6/9/2023 16:51,0.15483871
,,,,,,6/9/2023 16:59,0.19935484
,,,,,,6/9/2023 17:06,0.17129032
,,,,,,6/9/2023 17:20,0.15645161
,,,,,,6/9/2023 17:27,0.1696774
,,,,,,6/9/2023 17:34,0.15967742
,,,,,,6/9/2023 17:41,0.18645163
,,,,,,6/9/2023 18:09,0.11870967
,,,,,,6/9/2023 18:16,0.18225807
,,,,,,6/9/2023 18:30,0.16
,,,,,,6/9/2023 18:37,0.15096775
,,,,,,6/9/2023 18:45,0.13451613
,,,,,,6/9/2023 18:52,0.20290323
,,,,,,6/9/2023 18:59,0.18
,,,,,,6/9/2023 19:13,0.16774194
,,,,,,6/9/2023 19:20,0.15806451
,,,,,,6/9/2023 19:27,0.20709677
,,,,,,6/9/2023 19:41,0.18032259
,,,,,,6/9/2023 20:02,0.15225807
,,,,,,6/9/2023 20:17,0.12516129
,,,,,,6/9/2023 20:24,0.18354838
,,,,,,6/9/2023 20:31,0.15096775
,,,,,,6/9/2023 20:45,0.14322582
,,,,,,6/9/2023 20:52,0.16677418
,,,,,,6/9/2023 21:06,0.16419354
,,,,,,6/9/2023 21:34,0.15419357
,,,,,,6/9/2023 22:03,0.12741935
,,,,,,6/9/2023 22:10,0.1448387
,,,,,,6/9/2023 22:17,0.16935484
,,,,,,6/9/2023 22:24,0.13322578
,,,,,,6/9/2023 22:31,0.16516128
,,,,,,6/9/2023 22:38,0.12387097
,,,,,,6/9/2023 22:45,0.17
,,,,,,6/9/2023 22:52,0.17903225
,,,,,,6/9/2023 22:59,0.12612903
,,,,,,6/9/2023 23:06,0.15483871
,,,,,,6/9/2023 23:13,0.15516129
,,,,,,6/9/2023 23:20,0.16258064
,,,,,,6/9/2023 23:28,0.15161291
,,,,,,6/9/2023 23:35,0.15258065
,,,,,,6/9/2023 23:49,0.119677424
,,,,,,6/9/2023 23:56,0.15903226
,,,,,,7/9/2023 0:03,0.20677419
,,,,,,7/9/2023 0:10,0.16935486
,,,,,,7/9/2023 0:24,0.17258063
,,,,,,7/9/2023 0:31,0.1448387
,,,,,,7/9/2023 0:45,0.15258065
,,,,,,7/9/2023 0:52,0.13580644
,,,,,,7/9/2023 0:59,0.1680645
,,,,,,7/9/2023 1:06,0.18096773
,,,,,,7/9/2023 1:14,0.17096773
,,,,,,7/9/2023 1:21,0.14419354
,,,,,,7/9/2023 1:28,0.12322579
,,,,,,7/9/2023 1:35,0.18290323
,,,,,,7/9/2023 1:42,0.1883871
,,,,,,7/9/2023 1:49,0.13096774
,,,,,,7/9/2023 1:56,0.19
,,,,,,7/9/2023 2:03,0.14935485
,,,,,,7/9/2023 2:10,0.17516127
,,,,,,7/9/2023 2:17,0.18258063
,,,,,,7/9/2023 2:24,0.17161289
,,,,,,7/9/2023 2:31,0.15967742
,,,,,,7/9/2023 2:39,0.19580644
,,,,,,7/9/2023 2:46,0.15612903
,,,,,,7/9/2023 2:53,0.15709677
,,,,,,7/9/2023 3:00,0.16290322
,,,,,,7/9/2023 3:07,0.18870966
,,,,,,7/9/2023 3:14,0.16709676
,,,,,,7/9/2023 3:21,0.19903226
,,,,,,7/9/2023 3:28,0.1583871
,,,,,,7/9/2023 3:35,0.12967741
,,,,,,7/9/2023 3:42,0.1816129
,,,,,,7/9/2023 3:49,0.13096774
,,,,,,7/9/2023 3:56,0.13741936
,,,,,,7/9/2023 4:03,0.16612904
,,,,,,7/9/2023 4:11,0.19806452
,,,,,,7/9/2023 4:18,0.15709677
,,,,,,7/9/2023 4:25,0.15451613
,,,,,,7/9/2023 4:32,0.17322579
,,,,,,7/9/2023 4:39,0.11870968
,,,,,,7/9/2023 4:46,0.16806452
,,,,,,7/9/2023 4:53,0.18483871
,,,,,,7/9/2023 5:00,0.13290323
,,,,,,7/9/2023 5:07,0.14741935
,,,,,,7/9/2023 5:14,0.17161289
,,,,,,7/9/2023 5:21,0.17548387
,,,,,,7/9/2023 5:28,0.15806451
,,,,,,7/9/2023 5:36,0.15129033
,,,,,,7/9/2023 5:43,0.16709678
,,,,,,7/9/2023 5:50,0.16580644
,,,,,,7/9/2023 5:57,0.18645161
,,,,,,7/9/2023 6:04,0.12774193
,,,,,,7/9/2023 6:11,0.14290322
,,,,,,7/9/2023 6:18,0.14258066
,,,,,,7/9/2023 6:25,0.18806452
,,,,,,7/9/2023 6:32,0.13064516
,,,,,,7/9/2023 6:39,0.14225808
,,,,,,7/9/2023 6:46,0.19129032
,,,,,,7/9/2023 6:53,0.17064516
,,,,,,7/9/2023 7:00,0.16612902
,,,,,,7/9/2023 7:22,0.14870968
,,,,,,7/9/2023 7:29,0.17129032
,,,,,,7/9/2023 7:36,0.15612903
,,,,,,7/9/2023 7:50,0.16935483
,,,,,,7/9/2023 7:57,0.16709676
,,,,,,7/9/2023 8:18,0.17580645
,,,,,,7/9/2023 8:25,0.20387097
,,,,,,7/9/2023 8:32,0.16225806
,,,,,,7/9/2023 8:54,0.15096775
,,,,,,7/9/2023 9:01,0.13709676
,,,,,,7/9/2023 9:08,0.16
,,,,,,7/9/2023 9:15,0.17999999
,,,,,,7/9/2023 9:22,0.18935484
,,,,,,7/9/2023 9:29,0.19451612
,,,,,,7/9/2023 9:36,0.16129032
,,,,,,7/9/2023 9:43,0.19870967
,,,,,,7/9/2023 9:50,0.1383871
,,,,,,7/9/2023 9:57,0.15741934
,,,,,,7/9/2023 10:18,0.1864516
,,,,,,7/9/2023 10:25,0.14645162
,,,,,,7/9/2023 10:33,0.12193549
,,,,,,7/9/2023 10:40,0.2280645
,,,,,,7/9/2023 10:47,0.115806445
,,,,,,7/9/2023 10:54,0.1648387
,,,,,,7/9/2023 11:01,0.1464516
,,,,,,7/9/2023 11:08,0.19258064
,,,,,,7/9/2023 11:36,0.15741935
,,,,,,7/9/2023 11:43,0.15419355
,,,,,,7/9/2023 11:50,0.13096775
,,,,,,7/9/2023 11:57,0.1351613
,,,,,,7/9/2023 12:04,0.1651613
,,,,,,7/9/2023 12:11,0.1664516
,,,,,,7/9/2023 12:19,0.16741934
,,,,,,7/9/2023 12:26,0.16354838
,,,,,,7/9/2023 12:33,0.13
,,,,,,7/9/2023 12:40,0.16741934
,,,,,,7/9/2023 13:01,0.13903226
,,,,,,7/9/2023 13:15,0.16612902
,,,,,,7/9/2023 13:22,0.14580646
,,,,,,7/9/2023 13:29,0.20129032
,,,,,,7/9/2023 13:50,0.13193548
,,,,,,7/9/2023 14:05,0.16064516
,,,,,,7/9/2023 14:19,0.15258065
,,,,,,7/9/2023 14:26,0.18161291
,,,,,,7/9/2023 14:33,0.16032258
,,,,,,7/9/2023 14:40,0.1432258
,,,,,,7/9/2023 14:47,0.19870968
,,,,,,7/9/2023 15:01,0.18774194
,,,,,,7/9/2023 15:08,0.13225806
,,,,,,7/9/2023 15:15,0.18741935
,,,,,,7/9/2023 15:22,0.16096775
,,,,,,7/9/2023 15:29,0.16548388
,,,,,,7/9/2023 15:36,0.1483871
,,,,,,7/9/2023 15:43,0.14935485
,,,,,,7/9/2023 15:51,0.13387097
,,,,,,7/9/2023 15:58,0.1616129
,,,,,,7/9/2023 16:05,0.14419354
,,,,,,7/9/2023 16:12,0.17612903
,,,,,,7/9/2023 16:19,0.14935485
,,,,,,7/9/2023 16:26,0.17483872
,,,,,,7/9/2023 16:33,0.20645162
,,,,,,7/9/2023 16:54,0.13161288
,,,,,,7/9/2023 17:01,0.1980645
,,,,,,7/9/2023 17:08,0.16709678
,,,,,,7/9/2023 17:15,0.15387097
,,,,,,7/9/2023 17:22,0.12741935
,,,,,,7/9/2023 17:29,0.16870968
,,,,,,7/9/2023 17:37,0.12580645
,,,,,,7/9/2023 17:44,0.17032257
,,,,,,7/9/2023 17:51,0.13419355
,,,,,,7/9/2023 17:58,0.1180645
,,,,,,7/9/2023 18:12,0.19935484
,,,,,,7/9/2023 18:19,0.15548387
,,,,,,7/9/2023 18:26,0.1583871
,,,,,,7/9/2023 18:33,0.15645161
,,,,,,7/9/2023 18:40,0.22096774
,,,,,,7/9/2023 18:47,0.17258064
,,,,,,7/9/2023 18:54,0.13548388
,,,,,,7/9/2023 19:01,0.13999999
,,,,,,7/9/2023 19:16,0.17161292
,,,,,,7/9/2023 19:23,0.13612905
,,,,,,7/9/2023 19:30,0.13419355
,,,,,,7/9/2023 19:37,0.14129032
,,,,,,7/9/2023 19:44,0.19806452
,,,,,,7/9/2023 19:51,0.1367742
,,,,,,7/9/2023 20:05,0.15096775
,,,,,,7/9/2023 20:12,0.15161291
,,,,,,7/9/2023 20:19,0.18774195
,,,,,,7/9/2023 20:26,0.16870967
,,,,,,7/9/2023 20:48,0.1448387
,,,,,,7/9/2023 20:55,0.17580646
,,,,,,7/9/2023 21:02,0.13612902
,,,,,,7/9/2023 21:09,0.17387097
,,,,,,7/9/2023 21:16,0.17354839
,,,,,,7/9/2023 21:23,0.17806451
,,,,,,7/9/2023 21:30,0.16193548
,,,,,,7/9/2023 21:37,0.1867742
,,,,,,7/9/2023 21:44,0.16387096
,,,,,,7/9/2023 21:51,0.18032257
,,,,,,7/9/2023 21:58,0.17774193
,,,,,,7/9/2023 22:05,0.13548388
,,,,,,7/9/2023 22:12,0.14064516
,,,,,,7/9/2023 22:19,0.14741936
,,,,,,7/9/2023 22:26,0.17709678
,,,,,,7/9/2023 22:34,0.21354839
,,,,,,7/9/2023 22:41,0.15258065
,,,,,,7/9/2023 22:48,0.13741936
,,,,,,7/9/2023 22:55,0.13419354
,,,,,,7/9/2023 23:02,0.15064517
,,,,,,7/9/2023 23:09,0.15451613
,,,,,,7/9/2023 23:16,0.1416129
,,,,,,7/9/2023 23:23,0.19548388
,,,,,,7/9/2023 23:30,0.16193548
,,,,,,7/9/2023 23:37,0.15419354
,,,,,,7/9/2023 23:44,0.14806452
,,,,,,7/9/2023 23:51,0.18064515
,,,,,,7/9/2023 23:58,0.19612904
,,,,,,8/9/2023 0:05,0.14967743
,,,,,,8/9/2023 0:12,0.16096774
,,,,,,8/9/2023 0:20,0.19741935
,,,,,,8/9/2023 0:27,0.17419355
,,,,,,8/9/2023 0:34,0.17580645
,,,,,,8/9/2023 0:41,0.1835484
,,,,,,8/9/2023 0:48,0.17870967
,,,,,,8/9/2023 0:55,0.15096773
,,,,,,8/9/2023 1:02,0.17870969
,,,,,,8/9/2023 1:09,0.19741938
,,,,,,8/9/2023 1:16,0.16548386
,,,,,,8/9/2023 1:23,0.12387097
,,,,,,8/9/2023 1:30,0.19032258
,,,,,,8/9/2023 1:38,0.16967742
,,,,,,8/9/2023 1:45,0.15548387
,,,,,,8/9/2023 1:52,0.1532258
,,,,,,8/9/2023 1:59,0.15354839
,,,,,,8/9/2023 2:06,0.17612904
,,,,,,8/9/2023 2:13,0.16193548
,,,,,,8/9/2023 2:20,0.15741935
,,,,,,8/9/2023 2:27,0.119677424
,,,,,,8/9/2023 2:34,0.1716129
,,,,,,8/9/2023 2:41,0.15096773
,,,,,,8/9/2023 2:48,0.14967743
,,,,,,8/9/2023 2:55,0.11064515
,,,,,,8/9/2023 3:02,0.17419353
,,,,,,8/9/2023 3:09,0.15096773
,,,,,,8/9/2023 3:16,0.1664516
,,,,,,8/9/2023 3:24,0.16387096
,,,,,,8/9/2023 3:31,0.14483872
,,,,,,8/9/2023 3:38,0.16870967
,,,,,,8/9/2023 3:45,0.17129032
,,,,,,8/9/2023 3:52,0.13903224
,,,,,,8/9/2023 3:59,0.14129032
,,,,,,8/9/2023 4:06,0.18354838
,,,,,,8/9/2023 4:13,0.16806452
,,,,,,8/9/2023 4:20,0.18193549
,,,,,,8/9/2023 4:27,0.16999999
,,,,,,8/9/2023 4:34,0.16612904
,,,,,,8/9/2023 4:41,0.17967741
,,,,,,8/9/2023 4:48,0.18548386
,,,,,,8/9/2023 4:56,0.15935484
,,,,,,8/9/2023 5:03,0.13419354
,,,,,,8/9/2023 5:10,0.16096774
,,,,,,8/9/2023 5:17,0.13967742
,,,,,,8/9/2023 5:24,0.19193548
,,,,,,8/9/2023 5:31,0.16258064
,,,,,,8/9/2023 5:38,0.17451613
,,,,,,8/9/2023 5:45,0.17967741
,,,,,,8/9/2023 5:52,0.1748387
,,,,,,8/9/2023 5:59,0.14612904
,,,,,,8/9/2023 6:06,0.15774193
,,,,,,8/9/2023 6:13,0.1867742
,,,,,,8/9/2023 6:20,0.16225806
,,,,,,8/9/2023 6:28,0.12258065
,,,,,,8/9/2023 6:35,0.106774196
,,,,,,8/9/2023 6:42,0.17290322
,,,,,,8/9/2023 6:49,0.13741937
,,,,,,8/9/2023 6:56,0.1832258
,,,,,,8/9/2023 7:03,0.1464516
,,,,,,8/9/2023 7:10,0.15064517
,,,,,,8/9/2023 7:17,0.1348387
,,,,,,8/9/2023 7:24,0.17451613
,,,,,,8/9/2023 7:31,0.123870954
,,,,,,8/9/2023 7:38,0.17
,,,,,,8/9/2023 7:45,0.14870968
,,,,,,8/9/2023 7:59,0.1351613
,,,,,,8/9/2023 8:06,0.18387097
,,,,,,8/9/2023 8:14,0.19258066
,,,,,,8/9/2023 8:21,0.17741935
,,,,,,8/9/2023 8:28,0.15193549
,,,,,,8/9/2023 8:35,0.17774193
,,,,,,8/9/2023 8:42,0.1451613
,,,,,,8/9/2023 8:49,0.11838709
,,,,,,8/9/2023 8:56,0.14096774
,,,,,,8/9/2023 9:03,0.10999999
,,,,,,8/9/2023 9:10,0.1664516
,,,,,,8/9/2023 9:17,0.19129032
,,,,,,8/9/2023 9:24,0.11870968
,,,,,,8/9/2023 9:31,0.18290323
,,,,,,8/9/2023 9:38,0.19322582
,,,,,,8/9/2023 9:45,0.20806451
,,,,,,8/9/2023 9:53,0.15129033
,,,,,,8/9/2023 10:00,0.18645161
,,,,,,8/9/2023 10:07,0.19096774
,,,,,,8/9/2023 10:14,0.14741935
,,,,,,8/9/2023 10:21,0.15129033
,,,,,,8/9/2023 10:28,0.15064517
,,,,,,8/9/2023 10:35,0.16741934
,,,,,,8/9/2023 10:42,0.13000001
,,,,,,8/9/2023 10:56,0.12741937
,,,,,,8/9/2023 11:03,0.19516128
,,,,,,8/9/2023 11:10,0.18709677
,,,,,,8/9/2023 11:17,0.20612903
,,,,,,8/9/2023 11:24,0.18064515
,,,,,,8/9/2023 11:31,0.18548386
,,,,,,8/9/2023 11:39,0.19096774
,,,,,,8/9/2023 11:46,0.16516128
,,,,,,8/9/2023 11:53,0.13967742
,,,,,,8/9/2023 12:00,0.20290323
,,,,,,8/9/2023 12:07,0.14548388
,,,,,,8/9/2023 12:14,0.16032258
,,,,,,8/9/2023 12:21,0.15870968
,,,,,,8/9/2023 12:28,0.1732258
,,,,,,8/9/2023 12:35,0.14387096
,,,,,,8/9/2023 12:42,0.18290322
,,,,,,8/9/2023 12:56,0.14419354
,,,,,,8/9/2023 13:03,0.19096774
,,,,,,8/9/2023 13:10,0.12645161
,,,,,,8/9/2023 13:17,0.15193549
,,,,,,8/9/2023 13:25,0.17580645
,,,,,,8/9/2023 13:32,0.15645161
,,,,,,8/9/2023 13:39,0.13225804
,,,,,,8/9/2023 13:46,0.14516129
,,,,,,8/9/2023 13:53,0.14612904
,,,,,,8/9/2023 14:00,0.12258065
,,,,,,8/9/2023 14:07,0.12548387
,,,,,,8/9/2023 14:14,0.15967742
,,,,,,8/9/2023 14:21,0.16225806
,,,,,,8/9/2023 14:28,0.16516128
,,,,,,8/9/2023 14:35,0.1880645
,,,,,,8/9/2023 14:42,0.16806452
,,,,,,8/9/2023 14:49,0.15451613
,,,,,,8/9/2023 14:56,0.15451613
,,,,,,8/9/2023 15:03,0.13354838
,,,,,,8/9/2023 15:11,0.1383871
,,,,,,8/9/2023 15:18,0.18096775
,,,,,,8/9/2023 15:25,0.13387097
,,,,,,8/9/2023 15:46,0.17193547
,,,,,,8/9/2023 16:00,0.15870968
,,,,,,8/9/2023 16:07,0.13290322
,,,,,,8/9/2023 16:14,0.1664516
,,,,,,8/9/2023 16:21,0.17999999
,,,,,,8/9/2023 16:49,0.14322582
,,,,,,8/9/2023 16:57,0.16354838
,,,,,,8/9/2023 17:11,0.12709677
,,,,,,8/9/2023 17:25,0.17129031
,,,,,,8/9/2023 17:32,0.12645163
,,,,,,8/9/2023 17:46,0.14387098
,,,,,,8/9/2023 17:53,0.14258064
,,,,,,8/9/2023 18:00,0.17354839
,,,,,,8/9/2023 18:07,0.1567742
,,,,,,8/9/2023 18:35,0.15935484
,,,,,,8/9/2023 18:43,0.15129031
,,,,,,8/9/2023 18:50,0.15354839
,,,,,,8/9/2023 18:57,0.22225806
,,,,,,8/9/2023 19:04,0.12645163
,,,,,,8/9/2023 19:11,0.15225807
,,,,,,8/9/2023 19:18,0.15870968
,,,,,,8/9/2023 19:25,0.1883871
,,,,,,8/9/2023 19:32,0.2
,,,,,,8/9/2023 19:39,0.17677419
,,,,,,8/9/2023 19:46,0.18548389
,,,,,,8/9/2023 19:53,0.19516131
,,,,,,8/9/2023 20:00,0.20774193
,,,,,,8/9/2023 20:07,0.15322581
,,,,,,8/9/2023 20:14,0.16064516
,,,,,,8/9/2023 20:22,0.14709677
,,,,,,8/9/2023 20:36,0.16
,,,,,,8/9/2023 20:50,0.16516128
,,,,,,8/9/2023 20:57,0.16903226
,,,,,,8/9/2023 21:04,0.16
,,,,,,8/9/2023 21:11,0.13387096
,,,,,,8/9/2023 21:18,0.120967746
,,,,,,8/9/2023 21:25,0.19161291
,,,,,,8/9/2023 21:32,0.17548387
,,,,,,8/9/2023 21:39,0.1683871
,,,,,,8/9/2023 21:46,0.15612903
,,,,,,8/9/2023 21:53,0.15258065
,,,,,,8/9/2023 22:01,0.11806452
,,,,,,8/9/2023 22:08,0.16419356
,,,,,,8/9/2023 22:22,0.1664516
,,,,,,8/9/2023 22:29,0.17193548
,,,,,,8/9/2023 22:36,0.1416129
,,,,,,8/9/2023 22:43,0.17548387
,,,,,,8/9/2023 22:50,0.17096774
,,,,,,8/9/2023 22:57,0.14096774
,,,,,,8/9/2023 23:04,0.15645161
,,,,,,8/9/2023 23:11,0.16096774
,,,,,,8/9/2023 23:18,0.14161292
,,,,,,8/9/2023 23:25,0.19193548
,,,,,,8/9/2023 23:33,0.21741936
,,,,,,8/9/2023 23:40,0.16354841
,,,,,,8/9/2023 23:47,0.20741935
,,,,,,8/9/2023 23:54,0.16548388
,,,,,,9/9/2023 0:01,0.17838709
,,,,,,9/9/2023 0:08,0.14419353
,,,,,,9/9/2023 0:15,0.15064517
,,,,,,9/9/2023 0:29,0.13483869
,,,,,,9/9/2023 0:36,0.16870967
,,,,,,9/9/2023 0:43,0.15967742
,,,,,,9/9/2023 0:51,0.17161289
,,,,,,9/9/2023 0:58,0.14935485
,,,,,,9/9/2023 1:05,0.20774193
,,,,,,9/9/2023 1:12,0.119677424
,,,,,,9/9/2023 1:19,0.16838709
,,,,,,9/9/2023 1:26,0.17645161
,,,,,,9/9/2023 1:33,0.1567742
,,,,,,9/9/2023 1:40,0.16935483
,,,,,,9/9/2023 1:47,0.15258065
,,,,,,9/9/2023 1:54,0.16709678
,,,,,,9/9/2023 2:01,0.12064515
,,,,,,9/9/2023 2:08,0.14096776
,,,,,,9/9/2023 2:15,0.13741936
,,,,,,9/9/2023 2:22,0.1483871
,,,,,,9/9/2023 2:29,0.13032258
,,,,,,9/9/2023 2:37,0.12451613
,,,,,,9/9/2023 2:44,0.12225807
,,,,,,9/9/2023 2:51,0.17096774
,,,,,,9/9/2023 2:58,0.15322581
,,,,,,9/9/2023 3:05,0.13935484
,,,,,,9/9/2023 3:12,0.21225806
,,,,,,9/9/2023 3:19,0.17870967
,,,,,,9/9/2023 3:26,0.11838709
,,,,,,9/9/2023 3:33,0.16258064
,,,,,,9/9/2023 3:40,0.18064515
,,,,,,9/9/2023 3:47,0.15129033
,,,,,,9/9/2023 3:54,0.13645162
,,,,,,9/9/2023 4:01,0.18741934
,,,,,,9/9/2023 4:08,0.17387097
,,,,,,9/9/2023 4:16,0.1683871
,,,,,,9/9/2023 4:23,0.1296774
,,,,,,9/9/2023 4:30,0.13322581
,,,,,,9/9/2023 4:37,0.21161291
,,,,,,9/9/2023 4:44,0.16096774
,,,,,,9/9/2023 4:51,0.1448387
,,,,,,9/9/2023 4:58,0.1348387
,,,,,,9/9/2023 5:05,0.15129033
,,,,,,9/9/2023 5:12,0.14870968
,,,,,,9/9/2023 5:19,0.15548387
,,,,,,9/9/2023 5:26,0.18612902
,,,,,,9/9/2023 5:34,0.16580644
,,,,,,9/9/2023 5:41,0.17161292
,,,,,,9/9/2023 5:48,0.12903225
,,,,,,9/9/2023 5:55,0.1932258
,,,,,,9/9/2023 6:02,0.13419352
,,,,,,9/9/2023 6:09,0.12741935
,,,,,,9/9/2023 6:16,0.17903225
,,,,,,9/9/2023 6:23,0.12161291
,,,,,,9/9/2023 6:30,0.21064515
,,,,,,9/9/2023 6:37,0.14225806
,,,,,,9/9/2023 6:44,0.12580645
,,,,,,9/9/2023 6:51,0.1583871
,,,,,,9/9/2023 6:58,0.14838709
,,,,,,9/9/2023 7:06,0.18580647
,,,,,,9/9/2023 7:13,0.1867742
,,,,,,9/9/2023 7:20,0.17999999
,,,,,,9/9/2023 7:27,0.12870967
,,,,,,9/9/2023 7:34,0.18548389
,,,,,,9/9/2023 7:41,0.15161291
,,,,,,9/9/2023 7:48,0.14548387
,,,,,,9/9/2023 7:55,0.16612902
,,,,,,9/9/2023 8:02,0.16032258
,,,,,,9/9/2023 8:09,0.19903226
,,,,,,9/9/2023 8:16,0.17064515
,,,,,,9/9/2023 8:23,0.17000002
,,,,,,9/9/2023 8:30,0.17677417
,,,,,,9/9/2023 8:38,0.15032259
,,,,,,9/9/2023 8:45,0.19967742
,,,,,,9/9/2023 8:52,0.14483872
,,,,,,9/9/2023 8:59,0.19612902
,,,,,,9/9/2023 9:06,0.21322584
,,,,,,9/9/2023 9:13,0.18419354
,,,,,,9/9/2023 9:20,0.15193549
,,,,,,9/9/2023 9:27,0.18258066
,,,,,,9/9/2023 9:34,0.16
,,,,,,9/9/2023 9:41,0.14903225
,,,,,,9/9/2023 9:48,0.19387098
,,,,,,9/9/2023 9:55,0.10967742
,,,,,,9/9/2023 10:02,0.17161289
,,,,,,9/9/2023 10:10,0.16903225
,,,,,,9/9/2023 10:17,0.17193548
,,,,,,9/9/2023 10:24,0.13870966
,,,,,,9/9/2023 10:31,0.16032258
,,,,,,9/9/2023 10:38,0.15387096
,,,,,,9/9/2023 10:45,0.15129033
,,,,,,9/9/2023 10:52,0.17290321
,,,,,,9/9/2023 10:59,0.16225806
,,,,,,9/9/2023 11:06,0.16677418
,,,,,,9/9/2023 11:13,0.21000001
,,,,,,9/9/2023 11:20,0.14322582
,,,,,,9/9/2023 11:27,0.15548387
,,,,,,9/9/2023 11:34,0.18612902
,,,,,,9/9/2023 11:42,0.16322581
,,,,,,9/9/2023 11:49,0.19258066
,,,,,,9/9/2023 11:56,0.14806452
,,,,,,9/9/2023 12:03,0.13387097
,,,,,,9/9/2023 12:10,0.17290322
,,,,,,9/9/2023 12:17,0.16
,,,,,,9/9/2023 12:24,0.1464516
,,,,,,9/9/2023 12:45,0.18193547
,,,,,,9/9/2023 12:52,0.13774194
,,,,,,9/9/2023 12:59,0.17838709
,,,,,,9/9/2023 13:06,0.15548387
,,,,,,9/9/2023 13:13,0.15322581
,,,,,,9/9/2023 13:28,0.1567742
,,,,,,9/9/2023 13:35,0.2180645
,,,,,,9/9/2023 13:42,0.12161291
,,,,,,9/9/2023 13:49,0.1619355
,,,,,,9/9/2023 14:03,0.15580645
,,,,,,9/9/2023 14:17,0.15935484
,,,,,,9/9/2023 14:24,0.14516129
,,,,,,9/9/2023 14:31,0.14193547
,,,,,,9/9/2023 14:38,0.1267742
,,,,,,9/9/2023 14:45,0.15677421
,,,,,,9/9/2023 14:52,0.15451613
,,,,,,9/9/2023 14:59,0.18
,,,,,,9/9/2023 15:07,0.13548388
,,,,,,9/9/2023 15:14,0.16774194
,,,,,,9/9/2023 15:21,0.15451613
,,,,,,9/9/2023 15:28,0.14774194
,,,,,,9/9/2023 15:35,0.14612904
,,,,,,9/9/2023 15:42,0.16903225
,,,,,,9/9/2023 15:49,0.16419354
,,,,,,9/9/2023 15:56,0.15870968
,,,,,,9/9/2023 16:03,0.18741935
,,,,,,9/9/2023 16:10,0.14548387
,,,,,,9/9/2023 16:24,0.13161291
,,,,,,9/9/2023 16:31,0.1851613
,,,,,,9/9/2023 16:38,0.17419355
,,,,,,9/9/2023 16:45,0.16
,,,,,,9/9/2023 16:53,0.13741934
,,,,,,9/9/2023 17:00,0.18387096
,,,,,,9/9/2023 17:14,0.15354839
,,,,,,9/9/2023 17:21,0.15806451
,,,,,,9/9/2023 17:28,0.16354838
,,,,,,9/9/2023 17:35,0.19387096
,,,,,,9/9/2023 17:42,0.19580646
,,,,,,9/9/2023 17:49,0.14032257
,,,,,,9/9/2023 17:56,0.17064516
,,,,,,9/9/2023 18:03,0.16580644
,,,,,,9/9/2023 18:10,0.16806452
,,,,,,9/9/2023 18:17,0.16677418
,,,,,,9/9/2023 18:24,0.14741936
,,,,,,9/9/2023 18:32,0.1664516
,,,,,,9/9/2023 18:39,0.16258065
,,,,,,9/9/2023 18:46,0.14612903
,,,,,,9/9/2023 18:53,0.1435484
,,,,,,9/9/2023 19:00,0.14064516
,,,,,,9/9/2023 19:07,0.14580645
,,,,,,9/9/2023 19:14,0.14096774
,,,,,,9/9/2023 19:21,0.16774195
,,,,,,9/9/2023 19:35,0.17548385
,,,,,,9/9/2023 19:42,0.15258065
,,,,,,9/9/2023 19:49,0.15935484
,,,,,,9/9/2023 19:56,0.18870968
,,,,,,9/9/2023 20:03,0.19322582
,,,,,,9/9/2023 20:11,0.119677424
,,,,,,9/9/2023 20:18,0.14483872
,,,,,,9/9/2023 20:25,0.13935485
,,,,,,9/9/2023 20:32,0.18774194
,,,,,,9/9/2023 20:46,0.14387098
,,,,,,9/9/2023 20:53,0.16290322
,,,,,,9/9/2023 21:00,0.12645161
,,,,,,9/9/2023 21:07,0.18516131
,,,,,,9/9/2023 21:14,0.16032258
,,,,,,9/9/2023 21:21,0.1632258
,,,,,,9/9/2023 21:28,0.13032259
,,,,,,9/9/2023 21:35,0.12129031
,,,,,,9/9/2023 21:42,0.13709676
,,,,,,9/9/2023 21:49,0.15967742
,,,,,,9/9/2023 21:57,0.20129032
,,,,,,9/9/2023 22:04,0.13612904
,,,,,,9/9/2023 22:11,0.19419354
,,,,,,9/9/2023 22:18,0.18870969
,,,,,,9/9/2023 22:25,0.16741936
,,,,,,9/9/2023 22:32,0.15354839
,,,,,,9/9/2023 22:39,0.17903224
,,,,,,9/9/2023 22:46,0.15612903
,,,,,,9/9/2023 22:53,0.17709678
,,,,,,9/9/2023 23:00,0.16870968
,,,,,,9/9/2023 23:07,0.20225807
,,,,,,9/9/2023 23:14,0.13741934
,,,,,,9/9/2023 23:21,0.17516127
,,,,,,9/9/2023 23:28,0.13935484
,,,,,,9/9/2023 23:35,0.13387096
,,,,,,9/9/2023 23:43,0.20838709
,,,,,,9/9/2023 23:50,0.16870968
,,,,,,9/9/2023 23:57,0.13580647
,,,,,,10/9/2023 0:04,0.1464516
,,,,,,10/9/2023 0:11,0.18967742
,,,,,,10/9/2023 0:18,0.1796774
,,,,,,10/9/2023 0:25,0.13032258
,,,,,,10/9/2023 0:32,0.1967742
,,,,,,10/9/2023 0:39,0.22709677
,,,,,,10/9/2023 0:46,0.14129032
,,,,,,10/9/2023 1:00,0.19032258
,,,,,,10/9/2023 1:07,0.19774194
,,,,,,10/9/2023 1:14,0.16387096
,,,,,,10/9/2023 1:21,0.13451613
,,,,,,10/9/2023 1:29,0.15258063
,,,,,,10/9/2023 1:36,0.14548387
,,,,,,10/9/2023 1:43,0.16354838
,,,,,,10/9/2023 1:50,0.16580644
,,,,,,10/9/2023 1:57,0.17032258
,,,,,,10/9/2023 2:04,0.15903226
,,,,,,10/9/2023 2:11,0.12967741
,,,,,,10/9/2023 2:18,0.21903226
,,,,,,10/9/2023 2:25,0.17612903
,,,,,,10/9/2023 2:32,0.16612902
,,,,,,10/9/2023 2:39,0.18483871
,,,,,,10/9/2023 2:46,0.11161289
,,,,,,10/9/2023 2:53,0.16774192
,,,,,,10/9/2023 3:01,0.1364516
,,,,,,10/9/2023 3:08,0.15419355
,,,,,,10/9/2023 3:15,0.2183871
,,,,,,10/9/2023 3:22,0.14451614
,,,,,,10/9/2023 3:29,0.15516129
,,,,,,10/9/2023 3:36,0.14129032
,,,,,,10/9/2023 3:43,0.114516124
,,,,,,10/9/2023 3:50,0.14580646
,,,,,,10/9/2023 3:57,0.15709677
,,,,,,10/9/2023 4:04,0.17935485
,,,,,,10/9/2023 4:11,0.20548387
,,,,,,10/9/2023 4:25,0.17999999
,,,,,,10/9/2023 4:32,0.13645162
,,,,,,10/9/2023 4:40,0.12774195
,,,,,,10/9/2023 4:47,0.20096774
,,,,,,10/9/2023 4:54,0.13129032
,,,,,,10/9/2023 5:01,0.1396774
,,,,,,10/9/2023 5:08,0.112580635
,,,,,,10/9/2023 5:15,0.14225806
,,,,,,10/9/2023 5:22,0.20225807
,,,,,,10/9/2023 5:29,0.1648387
,,,,,,10/9/2023 5:36,0.17451613
,,,,,,10/9/2023 5:43,0.1435484
,,,,,,10/9/2023 5:50,0.17967741
,,,,,,10/9/2023 5:57,0.18806453
,,,,,,10/9/2023 6:04,0.13322581
,,,,,,10/9/2023 6:11,0.12870967
,,,,,,10/9/2023 6:19,0.14999999
,,,,,,10/9/2023 6:26,0.20354839
,,,,,,10/9/2023 6:33,0.14354838
,,,,,,10/9/2023 6:40,0.14322582
,,,,,,10/9/2023 6:47,0.17225805
,,,,,,10/9/2023 6:54,0.1696774
,,,,,,10/9/2023 7:08,0.20838709
,,,,,,10/9/2023 7:15,0.17193548
,,,,,,10/9/2023 7:22,0.15419355
,,,,,,10/9/2023 7:29,0.11838709
,,,,,,10/9/2023 7:36,0.2032258
,,,,,,10/9/2023 7:43,0.16677418
,,,,,,10/9/2023 7:51,0.18354838
,,,,,,10/9/2023 7:58,0.13548388
,,,,,,10/9/2023 8:05,0.15290323
,,,,,,10/9/2023 8:12,0.16
,,,,,,10/9/2023 8:19,0.15612903
,,,,,,10/9/2023 8:26,0.18258063
,,,,,,10/9/2023 8:33,0.17354837
,,,,,,10/9/2023 8:40,0.20096774
,,,,,,10/9/2023 8:47,0.20129032
,,,,,,10/9/2023 8:54,0.15612903
,,,,,,10/9/2023 9:01,0.17967743
,,,,,,10/9/2023 9:08,0.20387097
,,,,,,10/9/2023 9:15,0.18225808
,,,,,,10/9/2023 9:22,0.2248387
,,,,,,10/9/2023 9:29,0.14612903
,,,,,,10/9/2023 9:37,0.14258064
,,,,,,10/9/2023 9:44,0.15903226
,,,,,,10/9/2023 9:51,0.15645161
,,,,,,10/9/2023 9:58,0.15258065
,,,,,,10/9/2023 10:05,0.18935485
,,,,,,10/9/2023 10:12,0.16483872
,,,,,,10/9/2023 10:19,0.12741934
,,,,,,10/9/2023 10:26,0.115483865
,,,,,,10/9/2023 10:33,0.17967743
,,,,,,10/9/2023 10:40,0.15387097
,,,,,,10/9/2023 10:47,0.22193547
,,,,,,10/9/2023 10:54,0.20580645
,,,,,,10/9/2023 11:01,0.16580644
,,,,,,10/9/2023 11:09,0.14870968
,,,,,,10/9/2023 11:16,0.19548388
,,,,,,10/9/2023 11:23,0.119032264
,,,,,,10/9/2023 11:30,0.15387097
,,,,,,10/9/2023 11:37,0.1932258
,,,,,,10/9/2023 11:44,0.16354838
,,,,,,10/9/2023 11:51,0.14548388
,,,,,,10/9/2023 11:58,0.13387096
,,,,,,10/9/2023 12:05,0.17516127
,,,,,,10/9/2023 12:12,0.18064515
,,,,,,10/9/2023 12:19,0.2016129
,,,,,,10/9/2023 12:26,0.14096773
,,,,,,10/9/2023 12:33,0.13064516
,,,,,,10/9/2023 12:40,0.22516128
,,,,,,10/9/2023 12:48,0.13193548
,,,,,,10/9/2023 12:55,0.21419354
,,,,,,10/9/2023 13:02,0.1651613
,,,,,,10/9/2023 13:09,0.16903226
,,,,,,10/9/2023 13:16,0.18096773